ISO-10303-21;
HEADER;
FILE_DESCRIPTION (( 'STEP AP214' ),
    '1' );
FILE_NAME ('F688ZZ_assembly.STEP',
    '2026-09-08T14:45:48',
    ( '' ),
    ( '' ),
    'SwSTEP 2.0',
    'SolidWorks 2024',
    '' );
FILE_SCHEMA (( 'AUTOMOTIVE_DESIGN' ));
ENDSEC;

DATA;
#1 = ORIENTED_EDGE ( 'NONE', *, *, #69, .F. ) ;
#2 = LINE ( 'NONE', #1701, #1783 ) ;
#3 = EDGE_LOOP ( 'NONE', ( #993, #1458 ) ) ;
#4 = FACE_OUTER_BOUND ( 'NONE', #66, .T. ) ;
#5 = FACE_OUTER_BOUND ( 'NONE', #1055, .T. ) ;
#6 =( REPRESENTATION_RELATIONSHIP ('NONE','NONE', #583, #1832 ) REPRESENTATION_RELATIONSHIP_WITH_TRANSFORMATION ( #1699 )SHAPE_REPRESENTATION_RELATIONSHIP( ) );
#7 = FACE_OUTER_BOUND ( 'NONE', #1340, .T. ) ;
#8 = EDGE_CURVE ( 'NONE', #1623, #953, #856, .T. ) ;
#9 = ORIENTED_EDGE ( 'NONE', *, *, #1130, .T. ) ;
#10 = CARTESIAN_POINT ( 'NONE',  ( 0.000000000000000000, 5.000000000000000000, 0.000000000000000000 ) ) ;
#11 = EDGE_CURVE ( 'NONE', #46, #638, #1668, .T. ) ;
#12 = VERTEX_POINT ( 'NONE', #1648 ) ;
#13 = DIRECTION ( 'NONE',  ( 0.000000000000000000, 0.000000000000000000, 1.000000000000000000 ) ) ;
#14 = EDGE_CURVE ( 'NONE', #163, #1222, #1132, .T. ) ;
#15 = ORIENTED_EDGE ( 'NONE', *, *, #71, .F. ) ;
#16 = ORIENTED_EDGE ( 'NONE', *, *, #1400, .F. ) ;
#17 = DIRECTION ( 'NONE',  ( -0.000000000000000000, 1.000000000000000000, -0.000000000000000000 ) ) ;
#18 = ORIENTED_EDGE ( 'NONE', *, *, #1706, .T. ) ;
#19 = CARTESIAN_POINT ( 'NONE',  ( 0.000000000000000000, 1.100000000000000311, 0.000000000000000000 ) ) ;
#20 = DIRECTION ( 'NONE',  ( 0.000000000000000000, 1.000000000000000000, 0.000000000000000000 ) ) ;
#21 = VERTEX_POINT ( 'NONE', #643 ) ;
#22 = CYLINDRICAL_SURFACE ( 'NONE', #1622, 7.099999999999999645 ) ;
#23 = CIRCLE ( 'NONE', #655, 0.1999999999999996503 ) ;
#24 = PRESENTATION_LAYER_ASSIGNMENT (  '', '', ( #1750 ) ) ;
#25 = DIRECTION ( 'NONE',  ( 0.000000000000000000, 1.000000000000000000, 0.000000000000000000 ) ) ;
#26 = AXIS2_PLACEMENT_3D ( 'NONE', #971, #273, #692 ) ;
#27 = VECTOR ( 'NONE', #104, 1000.000000000000000 ) ;
#28 = AXIS2_PLACEMENT_3D ( 'NONE', #1525, #1374, #195 ) ;
#29 = ORIENTED_EDGE ( 'NONE', *, *, #1008, .T. ) ;
#30 = AXIS2_PLACEMENT_3D ( 'NONE', #728, #17, #1161 ) ;
#31 = FACE_OUTER_BOUND ( 'NONE', #1502, .T. ) ;
#32 = VERTEX_POINT ( 'NONE', #801 ) ;
#33 = DIRECTION ( 'NONE',  ( 0.000000000000000000, -0.000000000000000000, 1.000000000000000000 ) ) ;
#34 = MANIFOLD_SOLID_BREP ( 'Radyus1', #1197 ) ;
#35 = EDGE_LOOP ( 'NONE', ( #1297, #230, #74, #1086 ) ) ;
#36 = DIRECTION ( 'NONE',  ( -0.000000000000000000, -1.000000000000000000, -0.000000000000000000 ) ) ;
#37 = EDGE_CURVE ( 'NONE', #738, #243, #171, .T. ) ;
#38 = VERTEX_POINT ( 'NONE', #392 ) ;
#39 =( LENGTH_UNIT ( ) NAMED_UNIT ( * ) SI_UNIT ( .MILLI., .METRE. ) );
#40 = ORIENTED_EDGE ( 'NONE', *, *, #136, .T. ) ;
#41 = LINE ( 'NONE', #1771, #1816 ) ;
#42 = DIRECTION ( 'NONE',  ( 0.000000000000000000, 1.000000000000000000, 0.000000000000000000 ) ) ;
#43 = ORIENTED_EDGE ( 'NONE', *, *, #14, .T. ) ;
#44 = CYLINDRICAL_SURFACE ( 'NONE', #1685, 5.349999999999999645 ) ;
#45 = CARTESIAN_POINT ( 'NONE',  ( 0.000000000000000000, 0.2000000000000000111, 7.099999999999999645 ) ) ;
#46 = VERTEX_POINT ( 'NONE', #835 ) ;
#47 = DIRECTION ( 'NONE',  ( 1.224646799147353207E-16, 0.000000000000000000, -1.000000000000000000 ) ) ;
#48 = DIRECTION ( 'NONE',  ( 0.000000000000000000, 0.000000000000000000, 1.000000000000000000 ) ) ;
#49 = ORIENTED_EDGE ( 'NONE', *, *, #1555, .T. ) ;
#50 = CARTESIAN_POINT ( 'NONE',  ( 0.000000000000000000, 3.289213562373094479, -5.349999999999999645 ) ) ;
#51 = DIRECTION ( 'NONE',  ( 0.000000000000000000, 0.000000000000000000, 1.000000000000000000 ) ) ;
#52 = VECTOR ( 'NONE', #1382, 1000.000000000000000 ) ;
#53 = AXIS2_PLACEMENT_3D ( 'NONE', #101, #1087, #220 ) ;
#54 = AXIS2_PLACEMENT_3D ( 'NONE', #826, #551, #253 ) ;
#55 = VERTEX_POINT ( 'NONE', #1728 ) ;
#56 =( LENGTH_UNIT ( ) NAMED_UNIT ( * ) SI_UNIT ( .MILLI., .METRE. ) );
#57 = VECTOR ( 'NONE', #601, 1000.000000000000000 ) ;
#58 = CIRCLE ( 'NONE', #293, 5.349999999999999645 ) ;
#59 = ADVANCED_FACE ( 'NONE', ( #31 ), #1441, .T. ) ;
#60 = EDGE_CURVE ( 'NONE', #638, #886, #1626, .T. ) ;
#61 = AXIS2_PLACEMENT_3D ( 'NONE', #965, #1543, #1097 ) ;
#62 = CARTESIAN_POINT ( 'NONE',  ( 1.077689183249670605E-15, 0.9000000000000005773, -8.799999999999998934 ) ) ;
#63 = DIRECTION ( 'NONE',  ( 0.000000000000000000, 0.000000000000000000, 1.000000000000000000 ) ) ;
#64 = CARTESIAN_POINT ( 'NONE',  ( 0.000000000000000000, 4.000000000000000000, 0.000000000000000000 ) ) ;
#65 =( REPRESENTATION_RELATIONSHIP ('NONE','NONE', #583, #395 ) REPRESENTATION_RELATIONSHIP_WITH_TRANSFORMATION ( #1150 )SHAPE_REPRESENTATION_RELATIONSHIP( ) );
#66 = EDGE_LOOP ( 'NONE', ( #166, #696 ) ) ;
#67 = DIRECTION ( 'NONE',  ( 0.8708045035682960844, 0.2320986990747665180, -0.4333932515083434578 ) ) ;
#68 = CARTESIAN_POINT ( 'NONE',  ( 0.000000000000000000, 0.1999999999999996503, 0.000000000000000000 ) ) ;
#69 = EDGE_CURVE ( 'NONE', #1199, #145, #416, .T. ) ;
#70 = FILL_AREA_STYLE ('',( #776 ) ) ;
#71 = EDGE_CURVE ( 'NONE', #378, #290, #1198, .T. ) ;
#72 = DIRECTION ( 'NONE',  ( -0.000000000000000000, -1.000000000000000000, -0.000000000000000000 ) ) ;
#73 = PRESENTATION_STYLE_ASSIGNMENT (( #1398 ) ) ;
#74 = ORIENTED_EDGE ( 'NONE', *, *, #1705, .F. ) ;
#75 = ORIENTED_EDGE ( 'NONE', *, *, #1500, .F. ) ;
#76 = CARTESIAN_POINT ( 'NONE',  ( 1.102182119232617714E-15, 5.000000000000000000, 9.000000000000000000 ) ) ;
#77 = ORIENTED_EDGE ( 'NONE', *, *, #280, .F. ) ;
#78 = FACE_OUTER_BOUND ( 'NONE', #858, .T. ) ;
#79 = EDGE_CURVE ( 'NONE', #257, #480, #1077, .T. ) ;
#80 = VERTEX_POINT ( 'NONE', #1405 ) ;
#81 = CARTESIAN_POINT ( 'NONE',  ( 5.939536975864661982E-16, 1.000000000000000000, -4.849999999999999645 ) ) ;
#82 = CARTESIAN_POINT ( 'NONE',  ( 0.000000000000000000, 4.800000000000000711, 7.099999999999999645 ) ) ;
#83 = CONTEXT_DEPENDENT_SHAPE_REPRESENTATION ( #127, #1515 ) ;
#84 = ORIENTED_EDGE ( 'NONE', *, *, #250, .T. ) ;
#85 = CIRCLE ( 'NONE', #1257, 6.974999999999999645 ) ;
#86 = CARTESIAN_POINT ( 'NONE',  ( 4.898587196589412829E-16, 0.1999999999999996503, 4.000000000000000000 ) ) ;
#87 = AXIS2_PLACEMENT_3D ( 'NONE', #569, #1703, #1148 ) ;
#88 = CARTESIAN_POINT ( 'NONE',  ( 0.000000000000000000, 0.000000000000000000, -4.974999999999999645 ) ) ;
#89 = VECTOR ( 'NONE', #1101, 1000.000000000000000 ) ;
#90 = CIRCLE ( 'NONE', #536, 6.600000000000000533 ) ;
#91 = DIRECTION ( 'NONE',  ( -0.000000000000000000, 1.000000000000000000, -0.000000000000000000 ) ) ;
#92 = DIRECTION ( 'NONE',  ( 0.000000000000000000, 0.000000000000000000, 1.000000000000000000 ) ) ;
#93 = AXIS2_PLACEMENT_3D ( 'NONE', #1295, #566, #185 ) ;
#94 = CARTESIAN_POINT ( 'NONE',  ( 0.000000000000000000, 1.710786437626904632, 0.000000000000000000 ) ) ;
#95 = EDGE_CURVE ( 'NONE', #635, #1561, #560, .T. ) ;
#96 = ORIENTED_EDGE ( 'NONE', *, *, #1531, .T. ) ;
#97 =( LENGTH_UNIT ( ) NAMED_UNIT ( * ) SI_UNIT ( .MILLI., .METRE. ) );
#98 = EDGE_CURVE ( 'NONE', #243, #738, #1567, .T. ) ;
#99 = CYLINDRICAL_SURFACE ( 'NONE', #1229, 7.099999999999999645 ) ;
#100 = ORIENTED_EDGE ( 'NONE', *, *, #1281, .F. ) ;
#101 = CARTESIAN_POINT ( 'NONE',  ( 0.000000000000000000, 0.000000000000000000, 0.000000000000000000 ) ) ;
#102 = CARTESIAN_POINT ( 'NONE',  ( 0.000000000000000000, 0.000000000000000000, 0.000000000000000000 ) ) ;
#103 = ORIENTED_EDGE ( 'NONE', *, *, #79, .T. ) ;
#104 = DIRECTION ( 'NONE',  ( -0.000000000000000000, 1.000000000000000000, -0.000000000000000000 ) ) ;
#105 = FACE_OUTER_BOUND ( 'NONE', #1173, .T. ) ;
#106 = CARTESIAN_POINT ( 'NONE',  ( 0.000000000000000000, 5.000000000000000000, 0.000000000000000000 ) ) ;
#107 = CARTESIAN_POINT ( 'NONE',  ( 0.000000000000000000, 1.100000000000000311, 8.799999999999998934 ) ) ;
#108 = ORIENTED_EDGE ( 'NONE', *, *, #280, .T. ) ;
#109 = FACE_BOUND ( 'NONE', #1071, .T. ) ;
#110 = AXIS2_PLACEMENT_3D ( 'NONE', #695, #1119, #867 ) ;
#111 = AXIS2_PLACEMENT_3D ( 'NONE', #462, #42, #156 ) ;
#112 = AXIS2_PLACEMENT_3D ( 'NONE', #1575, #1255, #1113 ) ;
#113 = CARTESIAN_POINT ( 'NONE',  ( 8.939921633775676859E-16, 5.000000000000000000, -7.299999999999998934 ) ) ;
#114 = AXIS2_PLACEMENT_3D ( 'NONE', #64, #1620, #51 ) ;
#115 = CARTESIAN_POINT ( 'NONE',  ( 0.000000000000000000, 5.000000000000000000, 0.000000000000000000 ) ) ;
#116 = ORIENTED_EDGE ( 'NONE', *, *, #742, .F. ) ;
#117 = CARTESIAN_POINT ( 'NONE',  ( 5.694607616035191883E-16, 0.2000000000000000111, -4.649999999999999467 ) ) ;
#118 = CARTESIAN_POINT ( 'NONE',  ( 0.000000000000000000, 1.000000000000000000, 0.000000000000000000 ) ) ;
#119 = DIRECTION ( 'NONE',  ( 0.000000000000000000, 0.000000000000000000, 1.000000000000000000 ) ) ;
#120 = ADVANCED_FACE ( 'NONE', ( #131, #1278 ), #245, .T. ) ;
#121 = CARTESIAN_POINT ( 'NONE',  ( 0.000000000000000000, 0.000000000000000000, 8.799999999999998934 ) ) ;
#122 = ADVANCED_FACE ( 'NONE', ( #105 ), #559, .F. ) ;
#123 = ORIENTED_EDGE ( 'NONE', *, *, #1605, .T. ) ;
#124 = DIRECTION ( 'NONE',  ( -0.000000000000000000, 1.000000000000000000, -0.000000000000000000 ) ) ;
#125 = DIRECTION ( 'NONE',  ( 0.000000000000000000, 0.000000000000000000, -1.000000000000000000 ) ) ;
#126 = EDGE_CURVE ( 'NONE', #815, #599, #745, .T. ) ;
#127 =( REPRESENTATION_RELATIONSHIP ('NONE','NONE', #583, #395 ) REPRESENTATION_RELATIONSHIP_WITH_TRANSFORMATION ( #646 )SHAPE_REPRESENTATION_RELATIONSHIP( ) );
#128 = CARTESIAN_POINT ( 'NONE',  ( 0.000000000000000000, 0.000000000000000000, 4.849999999999999645 ) ) ;
#129 = VERTEX_POINT ( 'NONE', #1138 ) ;
#130 = DIRECTION ( 'NONE',  ( 1.224646799147353454E-16, 0.000000000000000000, -1.000000000000000000 ) ) ;
#131 = FACE_BOUND ( 'NONE', #457, .T. ) ;
#132 = CYLINDRICAL_SURFACE ( 'NONE', #892, 5.349999999999999645 ) ;
#133 = AXIS2_PLACEMENT_3D ( 'NONE', #1419, #149, #1293 ) ;
#134 = AXIS2_PLACEMENT_3D ( 'NONE', #1764, #165, #890 ) ;
#135 = AXIS2_PLACEMENT_3D ( 'NONE', #415, #1855, #263 ) ;
#136 = EDGE_CURVE ( 'NONE', #1828, #80, #806, .T. ) ;
#137 = CARTESIAN_POINT ( 'NONE',  ( 1.089935651241144160E-15, 1.100000000000000311, -8.799999999999998934 ) ) ;
#138 = TOROIDAL_SURFACE ( 'NONE', #926, 7.299999999999998934, 0.2000000000000000111 ) ;
#139 = AXIS2_PLACEMENT_3D ( 'NONE', #848, #990, #1430 ) ;
#140 = AXIS2_PLACEMENT_3D ( 'NONE', #931, #1673, #1517 ) ;
#141 = AXIS2_PLACEMENT_3D ( 'NONE', #912, #1194, #798 ) ;
#142 = EDGE_CURVE ( 'NONE', #589, #1534, #1436, .T. ) ;
#143 = AXIS2_PLACEMENT_3D ( 'NONE', #1483, #25, #1356 ) ;
#144 = ORIENTED_EDGE ( 'NONE', *, *, #37, .T. ) ;
#145 = VERTEX_POINT ( 'NONE', #995 ) ;
#146 = DIRECTION ( 'NONE',  ( 0.000000000000000000, -0.000000000000000000, 1.000000000000000000 ) ) ;
#147 = DIRECTION ( 'NONE',  ( 0.000000000000000000, 1.000000000000000000, 0.000000000000000000 ) ) ;
#148 = ORIENTED_EDGE ( 'NONE', *, *, #762, .T. ) ;
#149 = DIRECTION ( 'NONE',  ( 1.000000000000000000, -0.000000000000000000, 1.224646799147353207E-16 ) ) ;
#150 = ORIENTED_EDGE ( 'NONE', *, *, #208, .T. ) ;
#151 = DIRECTION ( 'NONE',  ( 0.000000000000000000, 0.000000000000000000, -1.000000000000000000 ) ) ;
#152 = EDGE_CURVE ( 'NONE', #734, #1006, #1351, .T. ) ;
#153 = APPLICATION_CONTEXT ( 'automotive_design' ) ;
#154 = ORIENTED_EDGE ( 'NONE', *, *, #1400, .T. ) ;
#155 = FACE_BOUND ( 'NONE', #460, .T. ) ;
#156 = DIRECTION ( 'NONE',  ( 0.000000000000000000, 0.000000000000000000, 1.000000000000000000 ) ) ;
#157 = EDGE_LOOP ( 'NONE', ( #1042, #148 ) ) ;
#158 = DIRECTION ( 'NONE',  ( 0.000000000000000000, 1.000000000000000000, 0.000000000000000000 ) ) ;
#159 = AXIS2_PLACEMENT_3D ( 'NONE', #1618, #323, #894 ) ;
#160 = FACE_OUTER_BOUND ( 'NONE', #35, .T. ) ;
#161 = ORIENTED_EDGE ( 'NONE', *, *, #404, .F. ) ;
#162 = DIRECTION ( 'NONE',  ( 0.000000000000000000, 0.000000000000000000, -1.000000000000000000 ) ) ;
#163 = VERTEX_POINT ( 'NONE', #678 ) ;
#164 = DIRECTION ( 'NONE',  ( 0.000000000000000000, 0.000000000000000000, 1.000000000000000000 ) ) ;
#165 = DIRECTION ( 'NONE',  ( -0.000000000000000000, -1.000000000000000000, -0.000000000000000000 ) ) ;
#166 = ORIENTED_EDGE ( 'NONE', *, *, #864, .T. ) ;
#167 = CARTESIAN_POINT ( 'NONE',  ( 6.551860375438339695E-16, 3.289213562373094479, 5.349999999999999645 ) ) ;
#168 = AXIS2_PLACEMENT_3D ( 'NONE', #1115, #979, #1560 ) ;
#169 = AXIS2_PLACEMENT_3D ( 'NONE', #1292, #1431, #1544 ) ;
#170 = CARTESIAN_POINT ( 'NONE',  ( 0.000000000000000000, 0.2000000000000000111, 0.000000000000000000 ) ) ;
#171 = CIRCLE ( 'NONE', #1284, 6.974999999999998757 ) ;
#172 = CIRCLE ( 'NONE', #394, 0.1999999999999996503 ) ;
#173 = VECTOR ( 'NONE', #317, 1000.000000000000000 ) ;
#174 = ORIENTED_EDGE ( 'NONE', *, *, #397, .F. ) ;
#175 = AXIS2_PLACEMENT_3D ( 'NONE', #232, #1524, #1665 ) ;
#176 = FACE_OUTER_BOUND ( 'NONE', #934, .T. ) ;
#177 = PRODUCT_DEFINITION_SHAPE ( 'NONE', 'NONE',  #1871 ) ;
#178 = EDGE_LOOP ( 'NONE', ( #1714, #1376, #722, #1211 ) ) ;
#179 = DIRECTION ( 'NONE',  ( -0.000000000000000000, -1.000000000000000000, -0.000000000000000000 ) ) ;
#180 = ORIENTED_EDGE ( 'NONE', *, *, #1550, .F. ) ;
#181 = DIRECTION ( 'NONE',  ( 0.000000000000000000, 0.000000000000000000, 1.000000000000000000 ) ) ;
#182 = EDGE_CURVE ( 'NONE', #599, #738, #1850, .T. ) ;
#183 = DIRECTION ( 'NONE',  ( -0.000000000000000000, -1.000000000000000000, -0.000000000000000000 ) ) ;
#184 = EDGE_LOOP ( 'NONE', ( #1672, #1455 ) ) ;
#185 = DIRECTION ( 'NONE',  ( 0.000000000000000000, 0.000000000000000000, 1.000000000000000000 ) ) ;
#186 = EDGE_LOOP ( 'NONE', ( #789, #675, #342, #549 ) ) ;
#187 = CARTESIAN_POINT ( 'NONE',  ( 0.000000000000000000, 5.000000000000000000, -6.600000000000000533 ) ) ;
#188 = ORIENTED_EDGE ( 'NONE', *, *, #813, .F. ) ;
#189 = UNCERTAINTY_MEASURE_WITH_UNIT (LENGTH_MEASURE( 1.000000000000000082E-05 ), #1063, 'distance_accuracy_value', 'NONE');
#190 = CARTESIAN_POINT ( 'NONE',  ( 0.000000000000000000, 0.2000000000000000111, 0.000000000000000000 ) ) ;
#191 = CARTESIAN_POINT ( 'NONE',  ( 0.000000000000000000, 0.000000000000000000, 0.000000000000000000 ) ) ;
#192 = ADVANCED_FACE ( 'NONE', ( #704 ), #540, .T. ) ;
#193 = ORIENTED_EDGE ( 'NONE', *, *, #1080, .F. ) ;
#194 = DIRECTION ( 'NONE',  ( 0.4638183541754822836, -0.09555821411417217415, 0.8807616942426916840 ) ) ;
#195 = DIRECTION ( 'NONE',  ( 0.000000000000000000, 0.000000000000000000, 1.000000000000000000 ) ) ;
#196 = CARTESIAN_POINT ( 'NONE',  ( 0.000000000000000000, 0.1999999999999996503, 0.000000000000000000 ) ) ;
#197 = ORIENTED_EDGE ( 'NONE', *, *, #456, .T. ) ;
#198 = FACE_OUTER_BOUND ( 'NONE', #1769, .T. ) ;
#199 = CARTESIAN_POINT ( 'NONE',  ( 0.000000000000000000, 1.710786437626904632, 0.000000000000000000 ) ) ;
#200 = CONICAL_SURFACE ( 'NONE', #441, 4.975000000000000533, 0.7853981633974468357 ) ;
#201 = AXIS2_PLACEMENT_3D ( 'NONE', #1244, #72, #1669 ) ;
#202 = ADVANCED_FACE ( 'NONE', ( #401 ), #1558, .T. ) ;
#203 = VECTOR ( 'NONE', #568, 1000.000000000000000 ) ;
#204 = ORIENTED_EDGE ( 'NONE', *, *, #1120, .F. ) ;
#205 = CARTESIAN_POINT ( 'NONE',  ( 0.000000000000000000, 0.000000000000000000, 0.000000000000000000 ) ) ;
#206 = VECTOR ( 'NONE', #379, 1000.000000000000000 ) ;
#207 = CIRCLE ( 'NONE', #329, 4.200000000000000178 ) ;
#208 = EDGE_CURVE ( 'NONE', #953, #969, #1475, .T. ) ;
#209 =( GEOMETRIC_REPRESENTATION_CONTEXT ( 3 ) GLOBAL_UNCERTAINTY_ASSIGNED_CONTEXT ( ( #907 ) ) GLOBAL_UNIT_ASSIGNED_CONTEXT ( ( #39, #739, #1314 ) ) REPRESENTATION_CONTEXT ( 'NONE', 'WORKASPACE' ) );
#210 = DIRECTION ( 'NONE',  ( 0.000000000000000000, 0.000000000000000000, 1.000000000000000000 ) ) ;
#211 = ORIENTED_EDGE ( 'NONE', *, *, #1334, .T. ) ;
#212 = DIRECTION ( 'NONE',  ( 1.224646799147358384E-16, 0.000000000000000000, -1.000000000000000000 ) ) ;
#213 = SURFACE_STYLE_FILL_AREA ( #1230 ) ;
#214 = SHAPE_DEFINITION_REPRESENTATION ( #1418, #395 ) ;
#215 = ORIENTED_EDGE ( 'NONE', *, *, #952, .F. ) ;
#216 = DIRECTION ( 'NONE',  ( -0.8929356654909736957, -0.09555821411417209088, -0.4399255903098862053 ) ) ;
#217 = CARTESIAN_POINT ( 'NONE',  ( 0.000000000000000000, 3.289213562373093591, -6.600000000000000533 ) ) ;
#218 = LINE ( 'NONE', #88, #206 ) ;
#219 =( NAMED_UNIT ( * ) PLANE_ANGLE_UNIT ( ) SI_UNIT ( $, .RADIAN. ) );
#220 = DIRECTION ( 'NONE',  ( 0.000000000000000000, 0.000000000000000000, -1.000000000000000000 ) ) ;
#221 = ORIENTED_EDGE ( 'NONE', *, *, #1705, .T. ) ;
#222 = LINE ( 'NONE', #1676, #895 ) ;
#223 = EDGE_CURVE ( 'NONE', #1809, #922, #1840, .T. ) ;
#224 = ORIENTED_EDGE ( 'NONE', *, *, #490, .F. ) ;
#225 = CARTESIAN_POINT ( 'NONE',  ( 9.552245033349356544E-16, 4.800000000000000711, -7.800000000000000711 ) ) ;
#226 = DIRECTION ( 'NONE',  ( 0.000000000000000000, 0.000000000000000000, -1.000000000000000000 ) ) ;
#227 = EDGE_CURVE ( 'NONE', #1800, #290, #1445, .T. ) ;
#228 =( REPRESENTATION_RELATIONSHIP ('NONE','NONE', #583, #395 ) REPRESENTATION_RELATIONSHIP_WITH_TRANSFORMATION ( #1651 )SHAPE_REPRESENTATION_RELATIONSHIP( ) );
#229 = ITEM_DEFINED_TRANSFORMATION ( 'NONE', 'NONE', #1168,  #448 ) ;
#230 = ORIENTED_EDGE ( 'NONE', *, *, #1427, .T. ) ;
#231 = AXIS2_PLACEMENT_3D ( 'NONE', #1539, #1804, #664 ) ;
#232 = CARTESIAN_POINT ( 'NONE',  ( 0.000000000000000000, 0.000000000000000000, 0.000000000000000000 ) ) ;
#233 = AXIS2_PLACEMENT_3D ( 'NONE', #1551, #1066, #212 ) ;
#234 = ORIENTED_EDGE ( 'NONE', *, *, #1029, .F. ) ;
#235 = AXIS2_PLACEMENT_3D ( 'NONE', #244, #1849, #839 ) ;
#236 = DIRECTION ( 'NONE',  ( -0.000000000000000000, 1.000000000000000000, -0.000000000000000000 ) ) ;
#237 = CLOSED_SHELL ( 'NONE', ( #1404, #59 ) ) ;
#238 = AXIS2_PLACEMENT_3D ( 'NONE', #573, #1470, #1153 ) ;
#239 = AXIS2_PLACEMENT_3D ( 'NONE', #1812, #1675, #1141 ) ;
#240 = DIRECTION ( 'NONE',  ( -0.000000000000000000, -1.000000000000000000, -0.000000000000000000 ) ) ;
#241 = PRODUCT_DEFINITION_FORMATION_WITH_SPECIFIED_SOURCE ( 'ANY', '', #1712, .NOT_KNOWN. ) ;
#242 = ORIENTED_EDGE ( 'NONE', *, *, #760, .T. ) ;
#243 = VERTEX_POINT ( 'NONE', #461 ) ;
#244 = CARTESIAN_POINT ( 'NONE',  ( 0.000000000000000000, 4.800000000000000711, 0.000000000000000000 ) ) ;
#245 = PLANE ( 'NONE',  #135 ) ;
#246 = DIRECTION ( 'NONE',  ( 0.000000000000000000, 1.000000000000000000, 0.000000000000000000 ) ) ;
#247 = FACE_OUTER_BOUND ( 'NONE', #1822, .T. ) ;
#248 = EDGE_CURVE ( 'NONE', #734, #1828, #507, .T. ) ;
#249 = CONTEXT_DEPENDENT_SHAPE_REPRESENTATION ( #1619, #463 ) ;
#250 = EDGE_CURVE ( 'NONE', #1057, #378, #1033, .T. ) ;
#251 = EDGE_LOOP ( 'NONE', ( #1770, #1606, #1188, #719 ) ) ;
#252 = DIRECTION ( 'NONE',  ( 0.000000000000000000, 0.000000000000000000, 1.000000000000000000 ) ) ;
#253 = DIRECTION ( 'NONE',  ( 0.000000000000000000, 0.000000000000000000, 1.000000000000000000 ) ) ;
#254 = DIRECTION ( 'NONE',  ( -0.000000000000000000, -1.000000000000000000, -0.000000000000000000 ) ) ;
#255 = DIRECTION ( 'NONE',  ( 0.000000000000000000, 0.000000000000000000, 1.000000000000000000 ) ) ;
#256 = DIRECTION ( 'NONE',  ( 0.6812748663462055987, 0.2320986990747666012, 0.6942584175742925190 ) ) ;
#257 = VERTEX_POINT ( 'NONE', #1331 ) ;
#258 = CARTESIAN_POINT ( 'NONE',  ( 0.000000000000000000, 4.800000000000000711, 7.800000000000000711 ) ) ;
#259 = CIRCLE ( 'NONE', #133, 0.2000000000000005107 ) ;
#260 = ADVANCED_FACE ( 'NONE', ( #155, #1306 ), #904, .T. ) ;
#261 = ADVANCED_FACE ( 'NONE', ( #4, #755 ), #1629, .T. ) ;
#262 =( GEOMETRIC_REPRESENTATION_CONTEXT ( 3 ) GLOBAL_UNCERTAINTY_ASSIGNED_CONTEXT ( ( #1633 ) ) GLOBAL_UNIT_ASSIGNED_CONTEXT ( ( #1424, #1299, #724 ) ) REPRESENTATION_CONTEXT ( 'NONE', 'WORKASPACE' ) );
#263 = DIRECTION ( 'NONE',  ( 0.000000000000000000, -0.000000000000000000, 1.000000000000000000 ) ) ;
#264 = DIRECTION ( 'NONE',  ( -0.000000000000000000, -1.000000000000000000, -0.000000000000000000 ) ) ;
#265 = AXIS2_PLACEMENT_3D ( 'NONE', #470, #440, #1446 ) ;
#266 = CIRCLE ( 'NONE', #860, 8.000000000000000000 ) ;
#267 = AXIS2_PLACEMENT_3D ( 'NONE', #258, #832, #1415 ) ;
#268 = LINE ( 'NONE', #564, #1312 ) ;
#269 = PRODUCT ( 'F688ZZ_shaft', 'F688ZZ_shaft', '', ( #1522 ) ) ;
#270 = ORIENTED_EDGE ( 'NONE', *, *, #182, .T. ) ;
#271 = DIRECTION ( 'NONE',  ( 0.000000000000000000, 0.000000000000000000, 1.000000000000000000 ) ) ;
#272 = EDGE_CURVE ( 'NONE', #485, #480, #1763, .T. ) ;
#273 = DIRECTION ( 'NONE',  ( 0.000000000000000000, 1.000000000000000000, 0.000000000000000000 ) ) ;
#274 = CARTESIAN_POINT ( 'NONE',  ( 8.939921633775676859E-16, 0.000000000000000000, -7.299999999999998934 ) ) ;
#275 = ORIENTED_EDGE ( 'NONE', *, *, #428, .F. ) ;
#276 = DIRECTION ( 'NONE',  ( 0.000000000000000000, 0.000000000000000000, -1.000000000000000000 ) ) ;
#277 = EDGE_CURVE ( 'NONE', #12, #638, #447, .T. ) ;
#278 = DIRECTION ( 'NONE',  ( 0.000000000000000000, 0.000000000000000000, 1.000000000000000000 ) ) ;
#279 = CARTESIAN_POINT ( 'NONE',  ( 8.082668874372532006E-16, 3.289213562373093591, 6.600000000000000533 ) ) ;
#280 = EDGE_CURVE ( 'NONE', #1800, #738, #1147, .T. ) ;
#281 = DIRECTION ( 'NONE',  ( -0.000000000000000000, -1.000000000000000000, -0.000000000000000000 ) ) ;
#282 = ORIENTED_EDGE ( 'NONE', *, *, #1343, .F. ) ;
#283 = DIRECTION ( 'NONE',  ( 8.659560562354931626E-17, -0.7071067811865476838, 0.7071067811865474617 ) ) ;
#284 = ORIENTED_EDGE ( 'NONE', *, *, #542, .F. ) ;
#285 = DIRECTION ( 'NONE',  ( 0.000000000000000000, 1.000000000000000000, 0.000000000000000000 ) ) ;
#286 = LINE ( 'NONE', #1034, #328 ) ;
#287 = AXIS2_PLACEMENT_3D ( 'NONE', #1670, #945, #1532 ) ;
#288 = CIRCLE ( 'NONE', #1471, 4.649999999999999467 ) ;
#289 = AXIS2_PLACEMENT_3D ( 'NONE', #1416, #698, #977 ) ;
#290 = VERTEX_POINT ( 'NONE', #308 ) ;
#291 = DIRECTION ( 'NONE',  ( 0.000000000000000000, 0.000000000000000000, 1.000000000000000000 ) ) ;
#292 = AXIS2_PLACEMENT_3D ( 'NONE', #1478, #338, #905 ) ;
#293 = AXIS2_PLACEMENT_3D ( 'NONE', #199, #1105, #357 ) ;
#294 = CONICAL_SURFACE ( 'NONE', #1263, 5.889213562373095456, 0.7853981633974479459 ) ;
#295 = AXIS2_PLACEMENT_3D ( 'NONE', #374, #1371, #521 ) ;
#296 = EDGE_CURVE ( 'NONE', #815, #243, #1586, .T. ) ;
#297 = PRODUCT_RELATED_PRODUCT_CATEGORY ( 'part', '', ( #1122 ) ) ;
#298 = ORIENTED_EDGE ( 'NONE', *, *, #1768, .T. ) ;
#299 = FACE_OUTER_BOUND ( 'NONE', #763, .T. ) ;
#300 = ORIENTED_EDGE ( 'NONE', *, *, #410, .T. ) ;
#301 = DIRECTION ( 'NONE',  ( 0.000000000000000000, 0.000000000000000000, -1.000000000000000000 ) ) ;
#302 = CARTESIAN_POINT ( 'NONE',  ( 8.082668874372532006E-16, 4.000000000000000000, 6.600000000000000533 ) ) ;
#303 = ORIENTED_EDGE ( 'NONE', *, *, #142, .F. ) ;
#304 = FACE_OUTER_BOUND ( 'NONE', #251, .T. ) ;
#305 = DIRECTION ( 'NONE',  ( 0.000000000000000000, 0.000000000000000000, 1.000000000000000000 ) ) ;
#306 = ORIENTED_EDGE ( 'NONE', *, *, #1727, .T. ) ;
#307 = ORIENTED_EDGE ( 'NONE', *, *, #932, .F. ) ;
#308 = CARTESIAN_POINT ( 'NONE',  ( 8.082668874372532006E-16, 1.000000000000000000, 6.600000000000000533 ) ) ;
#309 = CARTESIAN_POINT ( 'NONE',  ( 0.000000000000000000, 0.000000000000000000, 0.000000000000000000 ) ) ;
#310 = ORIENTED_EDGE ( 'NONE', *, *, #479, .F. ) ;
#311 = DIRECTION ( 'NONE',  ( -0.000000000000000000, -1.000000000000000000, -0.000000000000000000 ) ) ;
#312 = TOROIDAL_SURFACE ( 'NONE', #878, 8.799999999999998934, 0.2000000000000000111 ) ;
#313 = DIRECTION ( 'NONE',  ( -0.000000000000000000, 1.000000000000000000, -0.000000000000000000 ) ) ;
#314 = ORIENTED_EDGE ( 'NONE', *, *, #1184, .F. ) ;
#315 = EDGE_CURVE ( 'NONE', #702, #651, #1166, .T. ) ;
#316 = EDGE_LOOP ( 'NONE', ( #870, #1084, #1613, #939 ) ) ;
#317 = DIRECTION ( 'NONE',  ( 0.000000000000000000, 0.7071067811865475727, 0.7071067811865474617 ) ) ;
#318 = DIRECTION ( 'NONE',  ( -0.000000000000000000, 1.000000000000000000, -0.000000000000000000 ) ) ;
#319 = EDGE_CURVE ( 'NONE', #55, #1099, #1232, .T. ) ;
#320 = EDGE_CURVE ( 'NONE', #422, #815, #41, .T. ) ;
#321 = ORIENTED_EDGE ( 'NONE', *, *, #557, .F. ) ;
#322 = TOROIDAL_SURFACE ( 'NONE', #1224, 4.649999999999999467, 0.2000000000000000111 ) ;
#323 = DIRECTION ( 'NONE',  ( -0.000000000000000000, -1.000000000000000000, -0.000000000000000000 ) ) ;
#324 = CIRCLE ( 'NONE', #528, 5.349999999999999645 ) ;
#325 = CONICAL_SURFACE ( 'NONE', #530, 5.560786437626903833, 0.7853981633974481680 ) ;
#326 = LINE ( 'NONE', #1054, #1079 ) ;
#327 = PRESENTATION_LAYER_ASSIGNMENT (  '', '', ( #1410 ) ) ;
#328 = VECTOR ( 'NONE', #1616, 1000.000000000000000 ) ;
#329 = AXIS2_PLACEMENT_3D ( 'NONE', #1338, #1221, #1646 ) ;
#330 =( REPRESENTATION_RELATIONSHIP ('NONE','NONE', #583, #395 ) REPRESENTATION_RELATIONSHIP_WITH_TRANSFORMATION ( #821 )SHAPE_REPRESENTATION_RELATIONSHIP( ) );
#331 = ORIENTED_EDGE ( 'NONE', *, *, #1795, .T. ) ;
#332 = AXIS2_PLACEMENT_3D ( 'NONE', #343, #948, #1653 ) ;
#333 = SHAPE_REPRESENTATION_RELATIONSHIP ( 'NONE' , 'NONE' ,  #1832, #880 ) ;
#334 = PRODUCT_DEFINITION_SHAPE ( 'NONE', 'NONE',  #1866 ) ;
#335 = ORIENTED_EDGE ( 'NONE', *, *, #653, .F. ) ;
#336 = DIRECTION ( 'NONE',  ( -1.000000000000000000, 0.000000000000000000, 0.000000000000000000 ) ) ;
#337 = EDGE_CURVE ( 'NONE', #422, #1264, #90, .T. ) ;
#338 = DIRECTION ( 'NONE',  ( -0.000000000000000000, -1.000000000000000000, -0.000000000000000000 ) ) ;
#339 = ORIENTED_EDGE ( 'NONE', *, *, #296, .T. ) ;
#340 = DIRECTION ( 'NONE',  ( 0.000000000000000000, 1.000000000000000000, 0.000000000000000000 ) ) ;
#341 = DIRECTION ( 'NONE',  ( 0.000000000000000000, 0.000000000000000000, 1.000000000000000000 ) ) ;
#342 = ORIENTED_EDGE ( 'NONE', *, *, #539, .F. ) ;
#343 = CARTESIAN_POINT ( 'NONE',  ( -5.773519974212497630, 2.499999999999973799, -1.538535702338216904 ) ) ;
#344 = DIRECTION ( 'NONE',  ( 0.000000000000000000, 1.000000000000000000, 0.000000000000000000 ) ) ;
#345 = VERTEX_POINT ( 'NONE', #1487 ) ;
#346 = DIRECTION ( 'NONE',  ( 0.000000000000000000, 1.000000000000000000, 0.000000000000000000 ) ) ;
#347 = EDGE_CURVE ( 'NONE', #485, #1014, #592, .T. ) ;
#348 = FACE_OUTER_BOUND ( 'NONE', #641, .T. ) ;
#349 = EDGE_CURVE ( 'NONE', #1848, #1373, #1510, .T. ) ;
#350 = ORIENTED_EDGE ( 'NONE', *, *, #456, .F. ) ;
#351 = SHAPE_REPRESENTATION_RELATIONSHIP ( 'NONE' , 'NONE' ,  #395, #681 ) ;
#352 = DIRECTION ( 'NONE',  ( -0.000000000000000000, -1.000000000000000000, -0.000000000000000000 ) ) ;
#353 = DIRECTION ( 'NONE',  ( -0.000000000000000000, -1.000000000000000000, -0.000000000000000000 ) ) ;
#354 = ORIENTED_EDGE ( 'NONE', *, *, #557, .T. ) ;
#355 = EDGE_CURVE ( 'NONE', #1788, #1761, #1593, .T. ) ;
#356 = LINE ( 'NONE', #1226, #1813 ) ;
#357 = DIRECTION ( 'NONE',  ( 0.000000000000000000, 0.000000000000000000, -1.000000000000000000 ) ) ;
#358 = AXIS2_PLACEMENT_3D ( 'NONE', #1059, #1775, #1037 ) ;
#359 = AXIS2_PLACEMENT_3D ( 'NONE', #802, #1378, #92 ) ;
#360 = AXIS2_PLACEMENT_3D ( 'NONE', #546, #873, #301 ) ;
#361 = EDGE_LOOP ( 'NONE', ( #1247, #197, #1793, #877 ) ) ;
#362 = DIRECTION ( 'NONE',  ( 0.1424618038289977018, -0.09555821411417209088, -0.9851767669637252478 ) ) ;
#363 = AXIS2_PLACEMENT_3D ( 'NONE', #940, #1348, #1654 ) ;
#364 = DIRECTION ( 'NONE',  ( 0.000000000000000000, -0.000000000000000000, 1.000000000000000000 ) ) ;
#365 = DIRECTION ( 'NONE',  ( 8.659560562354931626E-17, 0.7071067811865475727, -0.7071067811865474617 ) ) ;
#366 = DIRECTION ( 'NONE',  ( 1.224646799147358384E-16, 0.000000000000000000, -1.000000000000000000 ) ) ;
#367 = PLANE ( 'NONE',  #538 ) ;
#368 = ORIENTED_EDGE ( 'NONE', *, *, #1531, .F. ) ;
#369 = DIRECTION ( 'NONE',  ( -0.1424618038290045852, -0.09555821411417209088, 0.9851767669637242486 ) ) ;
#370 = EDGE_CURVE ( 'NONE', #589, #1402, #928, .T. ) ;
#371 = CARTESIAN_POINT ( 'NONE',  ( 0.000000000000000000, 0.1999999999999996503, 0.000000000000000000 ) ) ;
#372 = ORIENTED_EDGE ( 'NONE', *, *, #1694, .T. ) ;
#373 = CARTESIAN_POINT ( 'NONE',  ( 0.000000000000000000, 5.000000000000000000, 0.000000000000000000 ) ) ;
#374 = CARTESIAN_POINT ( 'NONE',  ( 5.694607616035191883E-16, 4.800000000000000711, -4.649999999999999467 ) ) ;
#375 =( NAMED_UNIT ( * ) SI_UNIT ( $, .STERADIAN. ) SOLID_ANGLE_UNIT ( ) );
#376 = VERTEX_POINT ( 'NONE', #1639 ) ;
#377 = DIRECTION ( 'NONE',  ( 0.4497534804853028922, 0.2320986990747665180, -0.8624685505449790623 ) ) ;
#378 = VERTEX_POINT ( 'NONE', #1495 ) ;
#379 = DIRECTION ( 'NONE',  ( -0.000000000000000000, -1.000000000000000000, -0.000000000000000000 ) ) ;
#380 =( LENGTH_UNIT ( ) NAMED_UNIT ( * ) SI_UNIT ( .MILLI., .METRE. ) );
#381 = CARTESIAN_POINT ( 'NONE',  ( 0.000000000000000000, 4.000000000000000000, 4.849999999999999645 ) ) ;
#382 =( NAMED_UNIT ( * ) SI_UNIT ( $, .STERADIAN. ) SOLID_ANGLE_UNIT ( ) );
#383 = DIRECTION ( 'NONE',  ( 1.000000000000000000, 0.000000000000000000, 0.000000000000000000 ) ) ;
#384 = VERTEX_POINT ( 'NONE', #86 ) ;
#385 = AXIS2_PLACEMENT_3D ( 'NONE', #963, #1709, #1118 ) ;
#386 = ORIENTED_EDGE ( 'NONE', *, *, #613, .T. ) ;
#387 = ORIENTED_EDGE ( 'NONE', *, *, #227, .T. ) ;
#388 = VECTOR ( 'NONE', #1395, 1000.000000000000000 ) ;
#389 = DIRECTION ( 'NONE',  ( 0.000000000000000000, 1.000000000000000000, 0.000000000000000000 ) ) ;
#390 = VECTOR ( 'NONE', #1241, 1000.000000000000000 ) ;
#391 = AXIS2_PLACEMENT_3D ( 'NONE', #117, #1429, #130 ) ;
#392 = CARTESIAN_POINT ( 'NONE',  ( 0.000000000000000000, 0.2000000000000000111, 4.849999999999999645 ) ) ;
#393 = DIRECTION ( 'NONE',  ( -0.000000000000000000, 1.000000000000000000, -0.000000000000000000 ) ) ;
#394 = AXIS2_PLACEMENT_3D ( 'NONE', #518, #492, #1802 ) ;
#395 = SHAPE_REPRESENTATION ( 'F688ZZ_Ball', ( #448 ), #1570 ) ;
#396 = DIRECTION ( 'NONE',  ( 0.000000000000000000, 1.000000000000000000, 0.000000000000000000 ) ) ;
#397 = EDGE_CURVE ( 'NONE', #1222, #163, #833, .T. ) ;
#398 = SHAPE_DEFINITION_REPRESENTATION ( #706, #1832 ) ;
#399 = ORIENTED_EDGE ( 'NONE', *, *, #742, .T. ) ;
#400 = CARTESIAN_POINT ( 'NONE',  ( 0.000000000000000000, 4.800000000000000711, 0.000000000000000000 ) ) ;
#401 = FACE_OUTER_BOUND ( 'NONE', #1164, .T. ) ;
#402 = FILL_AREA_STYLE ('',( #1256 ) ) ;
#403 = CARTESIAN_POINT ( 'NONE',  ( 0.000000000000000000, 2.085786437626905077, 0.000000000000000000 ) ) ;
#404 = EDGE_CURVE ( 'NONE', #1099, #55, #207, .T. ) ;
#405 = EDGE_CURVE ( 'NONE', #631, #793, #478, .T. ) ;
#406 = ORIENTED_EDGE ( 'NONE', *, *, #760, .F. ) ;
#407 = FACE_OUTER_BOUND ( 'NONE', #999, .T. ) ;
#408 = CARTESIAN_POINT ( 'NONE',  ( 0.000000000000000000, 4.800000000000000711, 0.000000000000000000 ) ) ;
#409 = CYLINDRICAL_SURFACE ( 'NONE', #168, 4.849999999999999645 ) ;
#410 = EDGE_CURVE ( 'NONE', #1264, #422, #419, .T. ) ;
#411 = ORIENTED_EDGE ( 'NONE', *, *, #272, .F. ) ;
#412 = DIRECTION ( 'NONE',  ( 0.000000000000000000, 0.000000000000000000, -1.000000000000000000 ) ) ;
#413 = AXIS2_PLACEMENT_3D ( 'NONE', #403, #837, #1408 ) ;
#414 = AXIS2_PLACEMENT_3D ( 'NONE', #1678, #672, #1215 ) ;
#415 = CARTESIAN_POINT ( 'NONE',  ( 0.000000000000000000, 4.000000000000000000, 0.000000000000000000 ) ) ;
#416 = CIRCLE ( 'NONE', #1380, 4.000000000000000000 ) ;
#417 = SURFACE_STYLE_USAGE ( .BOTH. , #1717 ) ;
#418 = CIRCLE ( 'NONE', #1752, 5.349999999999999645 ) ;
#419 = CIRCLE ( 'NONE', #1262, 6.600000000000000533 ) ;
#420 = CARTESIAN_POINT ( 'NONE',  ( 8.939921633775676859E-16, 4.800000000000000711, -7.299999999999998934 ) ) ;
#421 = PRODUCT_DEFINITION_SHAPE ( 'NONE', 'NONE',  #1863 ) ;
#422 = VERTEX_POINT ( 'NONE', #217 ) ;
#423 = DIRECTION ( 'NONE',  ( 0.000000000000000000, 0.000000000000000000, 1.000000000000000000 ) ) ;
#424 = ADVANCED_FACE ( 'NONE', ( #1092, #1505 ), #1358, .T. ) ;
#425 =( REPRESENTATION_RELATIONSHIP ('NONE','NONE', #583, #395 ) REPRESENTATION_RELATIONSHIP_WITH_TRANSFORMATION ( #845 )SHAPE_REPRESENTATION_RELATIONSHIP( ) );
#426 = CARTESIAN_POINT ( 'NONE',  ( 0.000000000000000000, 4.800000000000000711, 0.000000000000000000 ) ) ;
#427 = DIRECTION ( 'NONE',  ( 0.000000000000000000, 0.000000000000000000, 1.000000000000000000 ) ) ;
#428 = EDGE_CURVE ( 'NONE', #888, #1828, #790, .T. ) ;
#429 = FACE_OUTER_BOUND ( 'NONE', #584, .T. ) ;
#430 = ORIENTED_EDGE ( 'NONE', *, *, #1749, .T. ) ;
#431 = CYLINDRICAL_SURFACE ( 'NONE', #1322, 6.600000000000000533 ) ;
#432 = ORIENTED_EDGE ( 'NONE', *, *, #459, .T. ) ;
#433 = DIRECTION ( 'NONE',  ( 0.000000000000000000, 0.000000000000000000, 1.000000000000000000 ) ) ;
#434 = DIRECTION ( 'NONE',  ( 0.000000000000000000, -0.7071067811865476838, -0.7071067811865474617 ) ) ;
#435 = CARTESIAN_POINT ( 'NONE',  ( 0.000000000000000000, 0.2000000000000000111, 0.000000000000000000 ) ) ;
#436 = ORIENTED_EDGE ( 'NONE', *, *, #1795, .F. ) ;
#437 = CARTESIAN_POINT ( 'NONE',  ( 0.000000000000000000, 4.000000000000000000, 0.000000000000000000 ) ) ;
#438 = ORIENTED_EDGE ( 'NONE', *, *, #1491, .T. ) ;
#439 = DIRECTION ( 'NONE',  ( 0.000000000000000000, 1.000000000000000000, 0.000000000000000000 ) ) ;
#440 = DIRECTION ( 'NONE',  ( 0.000000000000000000, 1.000000000000000000, 0.000000000000000000 ) ) ;
#441 = AXIS2_PLACEMENT_3D ( 'NONE', #1200, #158, #884 ) ;
#442 = CIRCLE ( 'NONE', #1349, 0.1999999999999996503 ) ;
#443 = VECTOR ( 'NONE', #889, 1000.000000000000000 ) ;
#444 = ORIENTED_EDGE ( 'NONE', *, *, #11, .T. ) ;
#445 = CARTESIAN_POINT ( 'NONE',  ( 0.000000000000000000, 1.000000000000000000, 7.099999999999999645 ) ) ;
#446 = CONICAL_SURFACE ( 'NONE', #265, 6.974999999999998757, 0.7853981633974482790 ) ;
#447 = CIRCLE ( 'NONE', #1844, 0.1999999999999996503 ) ;
#448 = AXIS2_PLACEMENT_3D ( 'NONE', #1459, #887, #1041 ) ;
#449 = ORIENTED_EDGE ( 'NONE', *, *, #410, .F. ) ;
#450 = ORIENTED_EDGE ( 'NONE', *, *, #1069, .F. ) ;
#451 = DIRECTION ( 'NONE',  ( -1.000000000000000000, 0.000000000000000000, 0.000000000000000000 ) ) ;
#452 = LINE ( 'NONE', #1025, #57 ) ;
#453 = VERTEX_POINT ( 'NONE', #510 ) ;
#454 = FACE_BOUND ( 'NONE', #918, .T. ) ;
#455 = DIRECTION ( 'NONE',  ( 0.000000000000000000, 1.000000000000000000, 0.000000000000000000 ) ) ;
#456 = EDGE_CURVE ( 'NONE', #1373, #1848, #689, .T. ) ;
#457 = EDGE_LOOP ( 'NONE', ( #508, #350 ) ) ;
#458 = CARTESIAN_POINT ( 'NONE',  ( 0.000000000000000000, 0.000000000000000000, 0.000000000000000000 ) ) ;
#459 = EDGE_CURVE ( 'NONE', #1800, #1057, #1412, .T. ) ;
#460 = EDGE_LOOP ( 'NONE', ( #581, #1835 ) ) ;
#461 = CARTESIAN_POINT ( 'NONE',  ( 8.541911424052786839E-16, 2.085786437626905077, -6.974999999999998757 ) ) ;
#462 = CARTESIAN_POINT ( 'NONE',  ( 0.000000000000000000, 4.800000000000000711, 0.000000000000000000 ) ) ;
#463 = PRODUCT_DEFINITION_SHAPE ( 'NONE', 'NONE',  #1867 ) ;
#464 = ORIENTED_EDGE ( 'NONE', *, *, #428, .T. ) ;
#465 = CARTESIAN_POINT ( 'NONE',  ( 0.000000000000000000, 5.000000000000000000, -6.600000000000000533 ) ) ;
#466 = EDGE_CURVE ( 'NONE', #793, #631, #1476, .T. ) ;
#467 = ORIENTED_EDGE ( 'NONE', *, *, #71, .T. ) ;
#468 = ORIENTED_EDGE ( 'NONE', *, *, #615, .T. ) ;
#469 = DIRECTION ( 'NONE',  ( 0.000000000000000000, -0.7071067811865479058, -0.7071067811865472397 ) ) ;
#470 = CARTESIAN_POINT ( 'NONE',  ( 0.000000000000000000, 2.085786437626905077, 0.000000000000000000 ) ) ;
#471 = EDGE_LOOP ( 'NONE', ( #609, #372, #16, #1154 ) ) ;
#472 = UNCERTAINTY_MEASURE_WITH_UNIT (LENGTH_MEASURE( 1.000000000000000082E-05 ), #380, 'distance_accuracy_value', 'NONE');
#473 = CARTESIAN_POINT ( 'NONE',  ( 0.000000000000000000, 0.9000000000000005773, 0.000000000000000000 ) ) ;
#474 = CIRCLE ( 'NONE', #287, 0.1999999999999996503 ) ;
#475 = AXIS2_PLACEMENT_3D ( 'NONE', #1488, #1339, #48 ) ;
#476 = DIRECTION ( 'NONE',  ( 0.000000000000000000, 1.000000000000000000, 0.000000000000000000 ) ) ;
#477 = AXIS2_PLACEMENT_3D ( 'NONE', #118, #1549, #1396 ) ;
#478 = CIRCLE ( 'NONE', #28, 4.849999999999999645 ) ;
#479 = EDGE_CURVE ( 'NONE', #1014, #485, #266, .T. ) ;
#480 = VERTEX_POINT ( 'NONE', #876 ) ;
#481 = AXIS2_PLACEMENT_3D ( 'NONE', #914, #1677, #1243 ) ;
#482 = EDGE_LOOP ( 'NONE', ( #1333, #1571, #1039, #284 ) ) ;
#483 = CARTESIAN_POINT ( 'NONE',  ( 8.694992273946207746E-16, 0.2000000000000000111, -7.099999999999999645 ) ) ;
#484 = ADVANCED_FACE ( 'NONE', ( #916 ), #1636, .F. ) ;
#485 = VERTEX_POINT ( 'NONE', #1061 ) ;
#486 = FACE_OUTER_BOUND ( 'NONE', #1353, .T. ) ;
#487 = DIRECTION ( 'NONE',  ( 1.000000000000000000, -0.000000000000000000, 1.224646799147353207E-16 ) ) ;
#488 = ORIENTED_EDGE ( 'NONE', *, *, #897, .T. ) ;
#489 = CARTESIAN_POINT ( 'NONE',  ( 0.000000000000000000, 0.000000000000000000, 0.000000000000000000 ) ) ;
#490 = EDGE_CURVE ( 'NONE', #1099, #1199, #1658, .T. ) ;
#491 = ORIENTED_EDGE ( 'NONE', *, *, #1772, .T. ) ;
#492 = DIRECTION ( 'NONE',  ( -1.000000000000000000, 0.000000000000000000, 0.000000000000000000 ) ) ;
#493 = ORIENTED_EDGE ( 'NONE', *, *, #98, .F. ) ;
#494 = DIRECTION ( 'NONE',  ( 0.000000000000000000, 0.000000000000000000, 1.000000000000000000 ) ) ;
#495 = ADVANCED_FACE ( 'NONE', ( #637 ), #1630, .T. ) ;
#496 = DIRECTION ( 'NONE',  ( 0.000000000000000000, 0.000000000000000000, 1.000000000000000000 ) ) ;
#497 = APPLICATION_PROTOCOL_DEFINITION ( 'draft international standard', 'automotive_design', 1998, #153 ) ;
#498 = ORIENTED_EDGE ( 'NONE', *, *, #11, .F. ) ;
#499 = DIRECTION ( 'NONE',  ( 0.9809819023559135376, -0.09555821411417220190, -0.1689471366004256514 ) ) ;
#500 = CARTESIAN_POINT ( 'NONE',  ( 0.000000000000000000, 5.000000000000000000, 0.000000000000000000 ) ) ;
#501 = DIRECTION ( 'NONE',  ( 0.000000000000000000, 0.000000000000000000, -1.000000000000000000 ) ) ;
#502 = FACE_OUTER_BOUND ( 'NONE', #361, .T. ) ;
#503 = LINE ( 'NONE', #1696, #1355 ) ;
#504 = AXIS2_PLACEMENT_3D ( 'NONE', #115, #1719, #1275 ) ;
#505 = TOROIDAL_SURFACE ( 'NONE', #1379, 4.649999999999999467, 0.2000000000000000111 ) ;
#506 = CARTESIAN_POINT ( 'NONE',  ( 0.000000000000000000, 0.000000000000000000, 0.000000000000000000 ) ) ;
#507 = CIRCLE ( 'NONE', #982, 0.2000000000000005107 ) ;
#508 = ORIENTED_EDGE ( 'NONE', *, *, #349, .F. ) ;
#509 = TOROIDAL_SURFACE ( 'NONE', #1569, 7.299999999999998934, 0.2000000000000000111 ) ;
#510 = CARTESIAN_POINT ( 'NONE',  ( 0.000000000000000000, 5.000000000000000000, 4.649999999999999467 ) ) ;
#511 = CARTESIAN_POINT ( 'NONE',  ( 8.541911424052786839E-16, 2.085786437626905077, -6.974999999999998757 ) ) ;
#512 = ORIENTED_EDGE ( 'NONE', *, *, #762, .F. ) ;
#513 = FILL_AREA_STYLE_COLOUR ( '', #1811 ) ;
#514 = ITEM_DEFINED_TRANSFORMATION ( 'NONE', 'NONE', #140,  #448 ) ;
#515 = ORIENTED_EDGE ( 'NONE', *, *, #277, .T. ) ;
#516 = DIRECTION ( 'NONE',  ( 0.9592378038446779387, 0.2320986990747666012, 0.1612235391096484560 ) ) ;
#517 = EDGE_CURVE ( 'NONE', #1014, #257, #326, .T. ) ;
#518 = CARTESIAN_POINT ( 'NONE',  ( 0.000000000000000000, 4.800000000000000711, 4.200000000000000178 ) ) ;
#519 = EDGE_LOOP ( 'NONE', ( #154, #1030 ) ) ;
#520 = LINE ( 'NONE', #381, #1443 ) ;
#521 = DIRECTION ( 'NONE',  ( 1.224646799147353454E-16, 0.000000000000000000, -1.000000000000000000 ) ) ;
#522 = ORIENTED_EDGE ( 'NONE', *, *, #1048, .T. ) ;
#523 = ADVANCED_FACE ( 'NONE', ( #596 ), #1320, .T. ) ;
#524 = DIRECTION ( 'NONE',  ( -0.000000000000000000, -1.000000000000000000, -0.000000000000000000 ) ) ;
#525 = DIRECTION ( 'NONE',  ( 0.000000000000000000, 0.000000000000000000, 1.000000000000000000 ) ) ;
#526 = DIRECTION ( 'NONE',  ( -0.000000000000000000, 1.000000000000000000, -0.000000000000000000 ) ) ;
#527 = SHAPE_DEFINITION_REPRESENTATION ( #690, #583 ) ;
#528 = AXIS2_PLACEMENT_3D ( 'NONE', #1051, #1482, #181 ) ;
#529 = DIRECTION ( 'NONE',  ( 0.1430880855845209909, 0.2320986990747666012, 0.9621101775012870227 ) ) ;
#530 = AXIS2_PLACEMENT_3D ( 'NONE', #1841, #1729, #1559 ) ;
#531 = VECTOR ( 'NONE', #524, 1000.000000000000000 ) ;
#532 = ADVANCED_FACE ( 'NONE', ( #348 ), #509, .T. ) ;
#533 = ORIENTED_EDGE ( 'NONE', *, *, #355, .T. ) ;
#534 = CIRCLE ( 'NONE', #1627, 9.000000000000000000 ) ;
#535 = FACE_OUTER_BOUND ( 'NONE', #1175, .T. ) ;
#536 = AXIS2_PLACEMENT_3D ( 'NONE', #1462, #741, #1756 ) ;
#537 = AXIS2_PLACEMENT_3D ( 'NONE', #1249, #784, #1085 ) ;
#538 = AXIS2_PLACEMENT_3D ( 'NONE', #1679, #396, #927 ) ;
#539 = EDGE_CURVE ( 'NONE', #1073, #1561, #749, .T. ) ;
#540 = CYLINDRICAL_SURFACE ( 'NONE', #1591, 4.849999999999999645 ) ;
#541 = FACE_OUTER_BOUND ( 'NONE', #482, .T. ) ;
#542 = EDGE_CURVE ( 'NONE', #376, #453, #810, .T. ) ;
#543 = DIRECTION ( 'NONE',  ( 1.000000000000000000, -0.000000000000000000, 1.224646799147353207E-16 ) ) ;
#544 = ORIENTED_EDGE ( 'NONE', *, *, #700, .T. ) ;
#545 = DIRECTION ( 'NONE',  ( 0.000000000000000000, -0.000000000000000000, 1.000000000000000000 ) ) ;
#546 = CARTESIAN_POINT ( 'NONE',  ( 0.000000000000000000, 5.000000000000000000, 0.000000000000000000 ) ) ;
#547 = DIRECTION ( 'NONE',  ( 0.000000000000000000, 0.000000000000000000, 1.000000000000000000 ) ) ;
#548 = CARTESIAN_POINT ( 'NONE',  ( 0.000000000000000000, 2.085786437626905077, 6.974999999999998757 ) ) ;
#549 = ORIENTED_EDGE ( 'NONE', *, *, #1151, .F. ) ;
#550 = DIRECTION ( 'NONE',  ( 0.000000000000000000, 1.000000000000000000, 0.000000000000000000 ) ) ;
#551 = DIRECTION ( 'NONE',  ( -1.000000000000000000, 0.000000000000000000, 0.000000000000000000 ) ) ;
#552 = CARTESIAN_POINT ( 'NONE',  ( 0.000000000000000000, 0.2000000000000000111, 0.000000000000000000 ) ) ;
#553 = CARTESIAN_POINT ( 'NONE',  ( 0.000000000000000000, 0.000000000000000000, 0.000000000000000000 ) ) ;
#554 = ADVANCED_FACE ( 'NONE', ( #1457, #1342 ), #1028, .F. ) ;
#555 = ORIENTED_EDGE ( 'NONE', *, *, #1393, .T. ) ;
#556 = LINE ( 'NONE', #1124, #27 ) ;
#557 = EDGE_CURVE ( 'NONE', #1006, #734, #1785, .T. ) ;
#558 = AXIS2_PLACEMENT_3D ( 'NONE', #1580, #1417, #119 ) ;
#559 = CYLINDRICAL_SURFACE ( 'NONE', #112, 6.600000000000000533 ) ;
#560 = CIRCLE ( 'NONE', #289, 0.1999999999999996503 ) ;
#561 = DIRECTION ( 'NONE',  ( 0.000000000000000000, 0.000000000000000000, -1.000000000000000000 ) ) ;
#562 = AXIS2_PLACEMENT_3D ( 'NONE', #1223, #799, #1507 ) ;
#563 = AXIS2_PLACEMENT_3D ( 'NONE', #1172, #1180, #627 ) ;
#564 = CARTESIAN_POINT ( 'NONE',  ( 8.694992273946207746E-16, 4.000000000000000000, -7.099999999999999645 ) ) ;
#565 = ORIENTED_EDGE ( 'NONE', *, *, #1829, .T. ) ;
#566 = DIRECTION ( 'NONE',  ( 0.000000000000000000, 1.000000000000000000, 0.000000000000000000 ) ) ;
#567 = ORIENTED_EDGE ( 'NONE', *, *, #152, .F. ) ;
#568 = DIRECTION ( 'NONE',  ( -0.000000000000000000, -1.000000000000000000, -0.000000000000000000 ) ) ;
#569 = CARTESIAN_POINT ( 'NONE',  ( 0.000000000000000000, 4.000000000000000000, 0.000000000000000000 ) ) ;
#570 = CARTESIAN_POINT ( 'NONE',  ( 0.000000000000000000, 2.914213562373094923, 0.000000000000000000 ) ) ;
#571 = CONTEXT_DEPENDENT_SHAPE_REPRESENTATION ( #425, #899 ) ;
#572 = ORIENTED_EDGE ( 'NONE', *, *, #683, .F. ) ;
#573 = CARTESIAN_POINT ( 'NONE',  ( 0.000000000000000000, 0.1999999999999996503, 0.000000000000000000 ) ) ;
#574 = EDGE_LOOP ( 'NONE', ( #1270, #770, #515, #406 ) ) ;
#575 = ADVANCED_FACE ( 'NONE', ( #160 ), #761, .T. ) ;
#576 = CARTESIAN_POINT ( 'NONE',  ( 0.000000000000000000, 1.100000000000000311, 0.000000000000000000 ) ) ;
#577 = FACE_OUTER_BOUND ( 'NONE', #1294, .T. ) ;
#578 = ADVANCED_FACE ( 'NONE', ( #1776 ), #1442, .T. ) ;
#579 = ORIENTED_EDGE ( 'NONE', *, *, #1008, .F. ) ;
#580 = CARTESIAN_POINT ( 'NONE',  ( 0.000000000000000000, 1.000000000000000000, 4.849999999999999645 ) ) ;
#581 = ORIENTED_EDGE ( 'NONE', *, *, #319, .T. ) ;
#582 = DIRECTION ( 'NONE',  ( 0.000000000000000000, 0.000000000000000000, 1.000000000000000000 ) ) ;
#583 = SHAPE_REPRESENTATION ( 'F688ZZ_assembly', ( #1440, #862, #750, #1168, #1479, #594, #716, #332, #1384, #140, #1861, #1818, #661 ), #834 ) ;
#584 = EDGE_LOOP ( 'NONE', ( #1755, #1733, #339, #773 ) ) ;
#585 = DIRECTION ( 'NONE',  ( 0.000000000000000000, 0.000000000000000000, 1.000000000000000000 ) ) ;
#586 = CARTESIAN_POINT ( 'NONE',  ( 0.000000000000000000, 0.2000000000000000111, 0.000000000000000000 ) ) ;
#587 = AXIS2_PLACEMENT_3D ( 'NONE', #553, #632, #1448 ) ;
#588 = AXIS2_PLACEMENT_3D ( 'NONE', #644, #1139, #996 ) ;
#589 = VERTEX_POINT ( 'NONE', #45 ) ;
#590 = FACE_OUTER_BOUND ( 'NONE', #807, .T. ) ;
#591 = AXIS2_PLACEMENT_3D ( 'NONE', #1631, #147, #1786 ) ;
#592 = CIRCLE ( 'NONE', #1136, 8.000000000000000000 ) ;
#593 = ADVANCED_FACE ( 'NONE', ( #909 ), #1492, .F. ) ;
#594 = AXIS2_PLACEMENT_3D ( 'NONE', #639, #1212, #377 ) ;
#595 = EDGE_CURVE ( 'NONE', #345, #1313, #58, .T. ) ;
#596 = FACE_OUTER_BOUND ( 'NONE', #1637, .T. ) ;
#597 = ORIENTED_EDGE ( 'NONE', *, *, #315, .T. ) ;
#598 = CARTESIAN_POINT ( 'NONE',  ( 6.123233995736772199E-17, -1.000000000000000888, 0.000000000000000000 ) ) ;
#599 = VERTEX_POINT ( 'NONE', #1650 ) ;
#600 = DIRECTION ( 'NONE',  ( 0.000000000000000000, 0.7071067811865486830, 0.7071067811865464625 ) ) ;
#601 = DIRECTION ( 'NONE',  ( -0.000000000000000000, -1.000000000000000000, -0.000000000000000000 ) ) ;
#602 = SHAPE_REPRESENTATION ( 'F688ZZ_Housing', ( #448 ), #1542 ) ;
#603 = VERTEX_POINT ( 'NONE', #955 ) ;
#604 = DIRECTION ( 'NONE',  ( 0.000000000000000000, 1.000000000000000000, 0.000000000000000000 ) ) ;
#605 = EDGE_CURVE ( 'NONE', #754, #376, #1110, .T. ) ;
#606 = CARTESIAN_POINT ( 'NONE',  ( 0.000000000000000000, 0.2000000000000000111, 0.000000000000000000 ) ) ;
#607 = EDGE_LOOP ( 'NONE', ( #1178, #270, #144, #1111 ) ) ;
#608 = DIRECTION ( 'NONE',  ( -0.000000000000000000, -1.000000000000000000, -0.000000000000000000 ) ) ;
#609 = ORIENTED_EDGE ( 'NONE', *, *, #1798, .T. ) ;
#610 = CARTESIAN_POINT ( 'NONE',  ( 0.000000000000000000, 2.914213562373094035, 4.975000000000000533 ) ) ;
#611 = PRODUCT_DEFINITION_SHAPE ( 'NONE', 'NONE',  #1873 ) ;
#612 = LINE ( 'NONE', #465, #853 ) ;
#613 = EDGE_CURVE ( 'NONE', #1414, #129, #1597, .T. ) ;
#614 = CARTESIAN_POINT ( 'NONE',  ( 0.000000000000000000, 4.800000000000000711, 0.000000000000000000 ) ) ;
#615 = EDGE_CURVE ( 'NONE', #1402, #1809, #503, .T. ) ;
#616 = EDGE_LOOP ( 'NONE', ( #436, #620, #314, #1276 ) ) ;
#617 = DIRECTION ( 'NONE',  ( 1.000000000000000000, 0.000000000000000000, 0.000000000000000000 ) ) ;
#618 = ORIENTED_EDGE ( 'NONE', *, *, #1694, .F. ) ;
#619 = DIRECTION ( 'NONE',  ( 0.000000000000000000, 0.000000000000000000, 1.000000000000000000 ) ) ;
#620 = ORIENTED_EDGE ( 'NONE', *, *, #1091, .T. ) ;
#621 = CIRCLE ( 'NONE', #1718, 7.099999999999999645 ) ;
#622 = UNCERTAINTY_MEASURE_WITH_UNIT (LENGTH_MEASURE( 1.000000000000000082E-05 ), #1806, 'distance_accuracy_value', 'NONE');
#623 = DIRECTION ( 'NONE',  ( 0.000000000000000000, 1.000000000000000000, 0.000000000000000000 ) ) ;
#624 = CIRCLE ( 'NONE', #111, 4.000000000000000000 ) ;
#625 = MECHANICAL_DESIGN_GEOMETRIC_PRESENTATION_REPRESENTATION (  '', ( #1410 ), #1691 ) ;
#626 = AXIS2_PLACEMENT_3D ( 'NONE', #68, #942, #1093 ) ;
#627 = DIRECTION ( 'NONE',  ( 0.000000000000000000, 0.000000000000000000, 1.000000000000000000 ) ) ;
#628 = AXIS2_PLACEMENT_3D ( 'NONE', #614, #476, #341 ) ;
#629 = PRODUCT_DEFINITION_FORMATION_WITH_SPECIFIED_SOURCE ( 'ANY', '', #269, .NOT_KNOWN. ) ;
#630 = CIRCLE ( 'NONE', #1017, 4.000000000000000000 ) ;
#631 = VERTEX_POINT ( 'NONE', #665 ) ;
#632 = DIRECTION ( 'NONE',  ( -0.000000000000000000, -1.000000000000000000, -0.000000000000000000 ) ) ;
#633 = DIRECTION ( 'NONE',  ( 0.000000000000000000, 0.000000000000000000, 1.000000000000000000 ) ) ;
#634 = EDGE_CURVE ( 'NONE', #603, #46, #781, .T. ) ;
#635 = VERTEX_POINT ( 'NONE', #680 ) ;
#636 = CARTESIAN_POINT ( 'NONE',  ( 0.000000000000000000, 0.1999999999999996503, 4.200000000000000178 ) ) ;
#637 = FACE_OUTER_BOUND ( 'NONE', #1707, .T. ) ;
#638 = VERTEX_POINT ( 'NONE', #82 ) ;
#639 = CARTESIAN_POINT ( 'NONE',  ( -0.3208813841333510442, 2.499999999999973799, -5.966377471910128349 ) ) ;
#640 = CARTESIAN_POINT ( 'NONE',  ( 0.000000000000000000, 1.100000000000000311, 0.000000000000000000 ) ) ;
#641 = EDGE_LOOP ( 'NONE', ( #450, #984, #1010, #512 ) ) ;
#642 = DIRECTION ( 'NONE',  ( 0.000000000000000000, 0.000000000000000000, 1.000000000000000000 ) ) ;
#643 = CARTESIAN_POINT ( 'NONE',  ( 0.000000000000000000, 5.000000000000000000, 7.800000000000000711 ) ) ;
#644 = CARTESIAN_POINT ( 'NONE',  ( 0.000000000000000000, 0.000000000000000000, 0.000000000000000000 ) ) ;
#645 = CONICAL_SURFACE ( 'NONE', #159, 5.889213562373095456, 0.7853981633974479459 ) ;
#646 = ITEM_DEFINED_TRANSFORMATION ( 'NONE', 'NONE', #1479,  #448 ) ;
#647 = EDGE_LOOP ( 'NONE', ( #1700, #533 ) ) ;
#648 = ORIENTED_EDGE ( 'NONE', *, *, #397, .T. ) ;
#649 = ORIENTED_EDGE ( 'NONE', *, *, #319, .F. ) ;
#650 = DIRECTION ( 'NONE',  ( 1.224646799147353207E-16, 0.000000000000000000, -1.000000000000000000 ) ) ;
#651 = VERTEX_POINT ( 'NONE', #107 ) ;
#652 = DIRECTION ( 'NONE',  ( 0.000000000000000000, 0.000000000000000000, 1.000000000000000000 ) ) ;
#653 = EDGE_CURVE ( 'NONE', #384, #635, #630, .T. ) ;
#654 = CIRCLE ( 'NONE', #1040, 7.299999999999998934 ) ;
#655 = AXIS2_PLACEMENT_3D ( 'NONE', #420, #543, #992 ) ;
#656 = ADVANCED_FACE ( 'NONE', ( #787, #247 ), #367, .T. ) ;
#657 = TOROIDAL_SURFACE ( 'NONE', #1506, 7.800000000000000711, 0.2000000000000000111 ) ;
#658 = ORIENTED_EDGE ( 'NONE', *, *, #1327, .F. ) ;
#659 = AXIS2_PLACEMENT_3D ( 'NONE', #586, #1167, #1744 ) ;
#660 = AXIS2_PLACEMENT_3D ( 'NONE', #1210, #487, #1643 ) ;
#661 = AXIS2_PLACEMENT_3D ( 'NONE', #1682, #974, #256 ) ;
#662 = DIRECTION ( 'NONE',  ( 0.000000000000000000, 1.000000000000000000, 0.000000000000000000 ) ) ;
#663 = CARTESIAN_POINT ( 'NONE',  ( 0.000000000000000000, 0.000000000000000000, 0.000000000000000000 ) ) ;
#664 = DIRECTION ( 'NONE',  ( 0.000000000000000000, 0.000000000000000000, 1.000000000000000000 ) ) ;
#665 = CARTESIAN_POINT ( 'NONE',  ( 0.000000000000000000, 4.000000000000000000, 4.849999999999999645 ) ) ;
#666 = EDGE_CURVE ( 'NONE', #1305, #754, #1847, .T. ) ;
#667 = MANIFOLD_SOLID_BREP ( 'D\X2\00f6\X0\nd\X2\00fc\X0\r1', #237 ) ;
#668 = PRODUCT_CONTEXT ( 'NONE', #1035, 'mechanical' ) ;
#669 = ORIENTED_EDGE ( 'NONE', *, *, #1550, .T. ) ;
#670 = LINE ( 'NONE', #511, #1568 ) ;
#671 = DIRECTION ( 'NONE',  ( -0.000000000000000000, -1.000000000000000000, -0.000000000000000000 ) ) ;
#672 = DIRECTION ( 'NONE',  ( 0.000000000000000000, 1.000000000000000000, 0.000000000000000000 ) ) ;
#673 = DIRECTION ( 'NONE',  ( 0.000000000000000000, 1.000000000000000000, 0.000000000000000000 ) ) ;
#674 = EDGE_CURVE ( 'NONE', #480, #257, #1777, .T. ) ;
#675 = ORIENTED_EDGE ( 'NONE', *, *, #95, .T. ) ;
#676 = PLANE ( 'NONE',  #1283 ) ;
#677 = EDGE_CURVE ( 'NONE', #1305, #453, #474, .T. ) ;
#678 = CARTESIAN_POINT ( 'NONE',  ( 5.817072295949926440E-16, 0.000000000000000000, -4.649999999999999467 ) ) ;
#679 = FACE_OUTER_BOUND ( 'NONE', #1523, .T. ) ;
#680 = CARTESIAN_POINT ( 'NONE',  ( 0.000000000000000000, 0.1999999999999996503, -4.000000000000000000 ) ) ;
#681 = ADVANCED_BREP_SHAPE_REPRESENTATION ( '', ( #667, #448 ), #1570 ) ;
#682 = DIRECTION ( 'NONE',  ( 0.000000000000000000, 0.000000000000000000, 1.000000000000000000 ) ) ;
#683 = EDGE_CURVE ( 'NONE', #345, #1740, #803, .T. ) ;
#684 = AXIS2_PLACEMENT_3D ( 'NONE', #102, #673, #1128 ) ;
#685 = COLOUR_RGB ( '',0.7921568627450980005, 0.8196078431372548767, 0.9333333333333333481 ) ;
#686 = EDGE_LOOP ( 'NONE', ( #1082, #174, #1480, #100 ) ) ;
#687 = AXIS2_PLACEMENT_3D ( 'NONE', #1242, #344, #210 ) ;
#688 = FACE_OUTER_BOUND ( 'NONE', #574, .T. ) ;
#689 = CIRCLE ( 'NONE', #239, 6.600000000000000533 ) ;
#690 = PRODUCT_DEFINITION_SHAPE ( 'NONE', 'NONE',  #694 ) ;
#691 = EDGE_CURVE ( 'NONE', #1313, #345, #1688, .T. ) ;
#692 = DIRECTION ( 'NONE',  ( 0.000000000000000000, 0.000000000000000000, 1.000000000000000000 ) ) ;
#693 = CARTESIAN_POINT ( 'NONE',  ( 0.000000000000000000, 4.800000000000000711, -4.000000000000000000 ) ) ;
#694 = PRODUCT_DEFINITION ( 'UNKNOWN', '', #1413, #1058 ) ;
#695 = CARTESIAN_POINT ( 'NONE',  ( 0.000000000000000000, 1.000000000000000000, 0.000000000000000000 ) ) ;
#696 = ORIENTED_EDGE ( 'NONE', *, *, #813, .T. ) ;
#697 = DIRECTION ( 'NONE',  ( 0.000000000000000000, 0.000000000000000000, -1.000000000000000000 ) ) ;
#698 = DIRECTION ( 'NONE',  ( 1.000000000000000000, -0.000000000000000000, 1.224646799147353207E-16 ) ) ;
#699 = CARTESIAN_POINT ( 'NONE',  ( 0.000000000000000000, 1.500000000000000222, -5.560786437626903833 ) ) ;
#700 = EDGE_CURVE ( 'NONE', #1561, #1073, #1009, .T. ) ;
#701 = CARTESIAN_POINT ( 'NONE',  ( 5.939536975864661982E-16, 4.800000000000000711, -4.849999999999999645 ) ) ;
#702 = VERTEX_POINT ( 'NONE', #137 ) ;
#703 = FACE_OUTER_BOUND ( 'NONE', #616, .T. ) ;
#704 = FACE_OUTER_BOUND ( 'NONE', #471, .T. ) ;
#705 = DIRECTION ( 'NONE',  ( 0.000000000000000000, 1.000000000000000000, 0.000000000000000000 ) ) ;
#706 = PRODUCT_DEFINITION_SHAPE ( 'NONE', 'NONE',  #1296 ) ;
#707 = CARTESIAN_POINT ( 'NONE',  ( 5.939536975864661982E-16, 4.000000000000000000, -4.849999999999999645 ) ) ;
#708 = APPLICATION_CONTEXT ( 'automotive_design' ) ;
#709 = ORIENTED_EDGE ( 'NONE', *, *, #1706, .F. ) ;
#710 = CARTESIAN_POINT ( 'NONE',  ( 0.000000000000000000, 1.100000000000000311, 0.000000000000000000 ) ) ;
#711 = TOROIDAL_SURFACE ( 'NONE', #1655, 4.200000000000000178, 0.2000000000000000111 ) ;
#712 = AXIS2_PLACEMENT_3D ( 'NONE', #1576, #1711, #1140 ) ;
#713 = AXIS2_PLACEMENT_3D ( 'NONE', #309, #756, #882 ) ;
#714 = CARTESIAN_POINT ( 'NONE',  ( 0.000000000000000000, 2.914213562373094923, 0.000000000000000000 ) ) ;
#715 = CARTESIAN_POINT ( 'NONE',  ( 0.000000000000000000, 0.9000000000000005773, 0.000000000000000000 ) ) ;
#716 = AXIS2_PLACEMENT_3D ( 'NONE', #1638, #499, #1072 ) ;
#717 = AXIS2_PLACEMENT_3D ( 'NONE', #1760, #1603, #1799 ) ;
#718 = FACE_OUTER_BOUND ( 'NONE', #1820, .T. ) ;
#719 = ORIENTED_EDGE ( 'NONE', *, *, #1635, .T. ) ;
#720 = DIRECTION ( 'NONE',  ( 0.000000000000000000, 0.000000000000000000, 1.000000000000000000 ) ) ;
#721 = TOROIDAL_SURFACE ( 'NONE', #967, 7.800000000000000711, 0.2000000000000000111 ) ;
#722 = ORIENTED_EDGE ( 'NONE', *, *, #1145, .F. ) ;
#723 = CARTESIAN_POINT ( 'NONE',  ( 0.000000000000000000, 5.000000000000000000, 0.000000000000000000 ) ) ;
#724 =( NAMED_UNIT ( * ) SI_UNIT ( $, .STERADIAN. ) SOLID_ANGLE_UNIT ( ) );
#725 = EDGE_LOOP ( 'NONE', ( #1133, #658, #150, #1452 ) ) ;
#726 = DIRECTION ( 'NONE',  ( 0.000000000000000000, 1.000000000000000000, 0.000000000000000000 ) ) ;
#727 = ORIENTED_EDGE ( 'NONE', *, *, #1343, .T. ) ;
#728 = CARTESIAN_POINT ( 'NONE',  ( 0.000000000000000000, 1.100000000000000311, 0.000000000000000000 ) ) ;
#729 = EDGE_CURVE ( 'NONE', #603, #886, #268, .T. ) ;
#730 = ORIENTED_EDGE ( 'NONE', *, *, #347, .F. ) ;
#731 = DIRECTION ( 'NONE',  ( 0.000000000000000000, 1.000000000000000000, 0.000000000000000000 ) ) ;
#732 = CARTESIAN_POINT ( 'NONE',  ( 6.551860375438339695E-16, 1.710786437626904632, 5.349999999999999645 ) ) ;
#733 = ADVANCED_FACE ( 'NONE', ( #718 ), #409, .T. ) ;
#734 = VERTEX_POINT ( 'NONE', #121 ) ;
#735 = FACE_OUTER_BOUND ( 'NONE', #686, .T. ) ;
#736 = DIRECTION ( 'NONE',  ( -0.000000000000000000, -1.000000000000000000, -0.000000000000000000 ) ) ;
#737 = EDGE_LOOP ( 'NONE', ( #180, #937, #108, #493 ) ) ;
#738 = VERTEX_POINT ( 'NONE', #548 ) ;
#739 =( NAMED_UNIT ( * ) PLANE_ANGLE_UNIT ( ) SI_UNIT ( $, .RADIAN. ) );
#740 = EDGE_LOOP ( 'NONE', ( #1725, #432, #84, #1754 ) ) ;
#741 = DIRECTION ( 'NONE',  ( -0.000000000000000000, -1.000000000000000000, -0.000000000000000000 ) ) ;
#742 = EDGE_CURVE ( 'NONE', #1006, #80, #259, .T. ) ;
#743 = AXIS2_PLACEMENT_3D ( 'NONE', #1027, #777, #1602 ) ;
#744 = AXIS2_PLACEMENT_3D ( 'NONE', #766, #1773, #619 ) ;
#745 = CIRCLE ( 'NONE', #1162, 6.974999999999999645 ) ;
#746 = ORIENTED_EDGE ( 'NONE', *, *, #277, .F. ) ;
#747 = CYLINDRICAL_SURFACE ( 'NONE', #1695, 4.000000000000000000 ) ;
#748 = TOROIDAL_SURFACE ( 'NONE', #626, 4.200000000000000178, 0.2000000000000000111 ) ;
#749 = CIRCLE ( 'NONE', #717, 4.200000000000000178 ) ;
#750 = AXIS2_PLACEMENT_3D ( 'NONE', #489, #1810, #1821 ) ;
#751 = DIRECTION ( 'NONE',  ( 0.000000000000000000, 0.000000000000000000, -1.000000000000000000 ) ) ;
#752 = ORIENTED_EDGE ( 'NONE', *, *, #60, .F. ) ;
#753 = CYLINDRICAL_SURFACE ( 'NONE', #1109, 4.000000000000000000 ) ;
#754 = VERTEX_POINT ( 'NONE', #701 ) ;
#755 = FACE_BOUND ( 'NONE', #838, .T. ) ;
#756 = DIRECTION ( 'NONE',  ( 0.000000000000000000, 0.000000000000000000, -1.000000000000000000 ) ) ;
#757 = ORIENTED_EDGE ( 'NONE', *, *, #79, .F. ) ;
#758 = PRODUCT_DEFINITION_CONTEXT ( 'detailed design', #966, 'design' ) ;
#759 = FACE_OUTER_BOUND ( 'NONE', #824, .T. ) ;
#760 = EDGE_CURVE ( 'NONE', #886, #638, #1748, .T. ) ;
#761 = CYLINDRICAL_SURFACE ( 'NONE', #1438, 4.974999999999999645 ) ;
#762 = EDGE_CURVE ( 'NONE', #854, #1534, #1779, .T. ) ;
#763 = EDGE_LOOP ( 'NONE', ( #1601, #1493, #300, #307 ) ) ;
#764 = CYLINDRICAL_SURFACE ( 'NONE', #30, 8.000000000000000000 ) ;
#765 = ORIENTED_EDGE ( 'NONE', *, *, #653, .T. ) ;
#766 = CARTESIAN_POINT ( 'NONE',  ( 0.000000000000000000, 1.100000000000000311, 0.000000000000000000 ) ) ;
#767 = ORIENTED_EDGE ( 'NONE', *, *, #1121, .F. ) ;
#768 = LINE ( 'NONE', #1692, #1801 ) ;
#769 = DIRECTION ( 'NONE',  ( -0.000000000000000000, -1.000000000000000000, -0.000000000000000000 ) ) ;
#770 = ORIENTED_EDGE ( 'NONE', *, *, #1537, .F. ) ;
#771 = CARTESIAN_POINT ( 'NONE',  ( 5.575204372460976110, 2.499999999999973799, -2.148888365013880808 ) ) ;
#772 = PRODUCT_DEFINITION_CONTEXT ( 'detailed design', #153, 'design' ) ;
#773 = ORIENTED_EDGE ( 'NONE', *, *, #98, .T. ) ;
#774 = CARTESIAN_POINT ( 'NONE',  ( 0.000000000000000000, 3.289213562373093591, 0.000000000000000000 ) ) ;
#775 = CARTESIAN_POINT ( 'NONE',  ( 0.000000000000000000, 0.1999999999999996503, 0.000000000000000000 ) ) ;
#776 = FILL_AREA_STYLE_COLOUR ( '', #1656 ) ;
#777 = DIRECTION ( 'NONE',  ( 0.000000000000000000, 1.000000000000000000, 0.000000000000000000 ) ) ;
#778 = CIRCLE ( 'NONE', #1540, 7.299999999999998934 ) ;
#779 = DIRECTION ( 'NONE',  ( 0.000000000000000000, 0.000000000000000000, 1.000000000000000000 ) ) ;
#780 = AXIS2_PLACEMENT_3D ( 'NONE', #19, #1743, #585 ) ;
#781 = CIRCLE ( 'NONE', #61, 7.099999999999999645 ) ;
#782 = ORIENTED_EDGE ( 'NONE', *, *, #1151, .T. ) ;
#783 = ORIENTED_EDGE ( 'NONE', *, *, #615, .F. ) ;
#784 = DIRECTION ( 'NONE',  ( -0.000000000000000000, -1.000000000000000000, -0.000000000000000000 ) ) ;
#785 = EDGE_LOOP ( 'NONE', ( #1146, #354 ) ) ;
#786 = CYLINDRICAL_SURFACE ( 'NONE', #588, 4.849999999999999645 ) ;
#787 = FACE_BOUND ( 'NONE', #1598, .T. ) ;
#788 = APPLICATION_PROTOCOL_DEFINITION ( 'draft international standard', 'automotive_design', 1998, #1127 ) ;
#789 = ORIENTED_EDGE ( 'NONE', *, *, #1460, .F. ) ;
#790 = LINE ( 'NONE', #76, #390 ) ;
#791 = CARTESIAN_POINT ( 'NONE',  ( 0.000000000000000000, 0.000000000000000000, 0.000000000000000000 ) ) ;
#792 = EDGE_CURVE ( 'NONE', #38, #903, #1704, .T. ) ;
#793 = VERTEX_POINT ( 'NONE', #707 ) ;
#794 = LINE ( 'NONE', #924, #829 ) ;
#795 = ADVANCED_FACE ( 'NONE', ( #1280 ), #1837, .F. ) ;
#796 = PRODUCT_DEFINITION_SHAPE ( 'NONE', 'NONE',  #1862 ) ;
#797 = ORIENTED_EDGE ( 'NONE', *, *, #405, .T. ) ;
#798 = DIRECTION ( 'NONE',  ( 0.000000000000000000, 0.000000000000000000, 1.000000000000000000 ) ) ;
#799 = DIRECTION ( 'NONE',  ( 0.000000000000000000, 1.000000000000000000, 0.000000000000000000 ) ) ;
#800 = ADVANCED_FACE ( 'NONE', ( #7 ), #1538, .T. ) ;
#801 = CARTESIAN_POINT ( 'NONE',  ( 0.000000000000000000, 0.9000000000000005773, -9.000000000000000000 ) ) ;
#802 = CARTESIAN_POINT ( 'NONE',  ( 0.000000000000000000, 1.710786437626907519, 0.000000000000000000 ) ) ;
#803 = LINE ( 'NONE', #1834, #52 ) ;
#804 = STYLED_ITEM ( 'NONE', ( #73 ), #667 ) ;
#805 = AXIS2_PLACEMENT_3D ( 'NONE', #225, #812, #366 ) ;
#806 = CIRCLE ( 'NONE', #26, 9.000000000000000000 ) ;
#807 = EDGE_LOOP ( 'NONE', ( #1220, #18, #765, #1203 ) ) ;
#808 = CARTESIAN_POINT ( 'NONE',  ( 3.247350194656393629, 2.499999999999973799, -5.015510114959904620 ) ) ;
#809 = TOROIDAL_SURFACE ( 'NONE', #562, 7.299999999999998934, 0.2000000000000000111 ) ;
#810 = CIRCLE ( 'NONE', #960, 4.649999999999999467 ) ;
#811 =( NAMED_UNIT ( * ) SI_UNIT ( $, .STERADIAN. ) SOLID_ANGLE_UNIT ( ) );
#812 = DIRECTION ( 'NONE',  ( 1.000000000000000000, -0.000000000000000000, 1.224646799147353207E-16 ) ) ;
#813 = EDGE_CURVE ( 'NONE', #1160, #21, #956, .T. ) ;
#814 = APPLICATION_PROTOCOL_DEFINITION ( 'draft international standard', 'automotive_design', 1998, #1192 ) ;
#815 = VERTEX_POINT ( 'NONE', #1852 ) ;
#816 = ORIENTED_EDGE ( 'NONE', *, *, #869, .T. ) ;
#817 = CARTESIAN_POINT ( 'NONE',  ( 0.000000000000000000, 5.000000000000000000, -5.349999999999999645 ) ) ;
#818 = DIRECTION ( 'NONE',  ( -0.000000000000000000, -1.000000000000000000, -0.000000000000000000 ) ) ;
#819 = FACE_OUTER_BOUND ( 'NONE', #1607, .T. ) ;
#820 = DIRECTION ( 'NONE',  ( -0.000000000000000000, -1.000000000000000000, -0.000000000000000000 ) ) ;
#821 = ITEM_DEFINED_TRANSFORMATION ( 'NONE', 'NONE', #1861,  #448 ) ;
#822 = EDGE_CURVE ( 'NONE', #599, #815, #85, .T. ) ;
#823 = PRODUCT_DEFINITION ( 'UNKNOWN', '', #988, #758 ) ;
#824 = EDGE_LOOP ( 'NONE', ( #1116, #1614, #1484, #959 ) ) ;
#825 = CYLINDRICAL_SURFACE ( 'NONE', #1163, 5.349999999999999645 ) ;
#826 = CARTESIAN_POINT ( 'NONE',  ( 0.000000000000000000, 0.2000000000000000111, 7.299999999999998934 ) ) ;
#827 = CARTESIAN_POINT ( 'NONE',  ( 0.000000000000000000, 0.000000000000000000, 0.000000000000000000 ) ) ;
#828 = PRESENTATION_LAYER_ASSIGNMENT (  '', '', ( #804 ) ) ;
#829 = VECTOR ( 'NONE', #1370, 999.9999999999998863 ) ;
#830 = ORIENTED_EDGE ( 'NONE', *, *, #1749, .F. ) ;
#831 = AXIS2_PLACEMENT_3D ( 'NONE', #962, #124, #1253 ) ;
#832 = DIRECTION ( 'NONE',  ( -1.000000000000000000, 0.000000000000000000, 0.000000000000000000 ) ) ;
#833 = CIRCLE ( 'NONE', #363, 4.649999999999999467 ) ;
#834 =( GEOMETRIC_REPRESENTATION_CONTEXT ( 3 ) GLOBAL_UNCERTAINTY_ASSIGNED_CONTEXT ( ( #1189 ) ) GLOBAL_UNIT_ASSIGNED_CONTEXT ( ( #97, #1858, #375 ) ) REPRESENTATION_CONTEXT ( 'NONE', 'WORKASPACE' ) );
#835 = CARTESIAN_POINT ( 'NONE',  ( 0.000000000000000000, 4.000000000000000000, 7.099999999999999645 ) ) ;
#836 = FACE_OUTER_BOUND ( 'NONE', #740, .T. ) ;
#837 = DIRECTION ( 'NONE',  ( 0.000000000000000000, 1.000000000000000000, 0.000000000000000000 ) ) ;
#838 = EDGE_LOOP ( 'NONE', ( #950, #555 ) ) ;
#839 = DIRECTION ( 'NONE',  ( 0.000000000000000000, 0.000000000000000000, 1.000000000000000000 ) ) ;
#840 = DIRECTION ( 'NONE',  ( -0.000000000000000000, -1.000000000000000000, -0.000000000000000000 ) ) ;
#841 = DIRECTION ( 'NONE',  ( 0.000000000000000000, 0.000000000000000000, 1.000000000000000000 ) ) ;
#842 = EDGE_CURVE ( 'NONE', #290, #378, #1282, .T. ) ;
#843 = CARTESIAN_POINT ( 'NONE',  ( 0.000000000000000000, 5.000000000000000000, 0.000000000000000000 ) ) ;
#844 = ADVANCED_FACE ( 'NONE', ( #429 ), #1857, .F. ) ;
#845 = ITEM_DEFINED_TRANSFORMATION ( 'NONE', 'NONE', #1818,  #448 ) ;
#846 = ORIENTED_EDGE ( 'NONE', *, *, #691, .F. ) ;
#847 = CARTESIAN_POINT ( 'NONE',  ( 6.123233995736772199E-17, 1.000000000000000888, 0.000000000000000000 ) ) ;
#848 = CARTESIAN_POINT ( 'NONE',  ( 0.000000000000000000, 4.800000000000000711, 0.000000000000000000 ) ) ;
#849 = CARTESIAN_POINT ( 'NONE',  ( 0.000000000000000000, 0.000000000000000000, 4.649999999999999467 ) ) ;
#850 = DIRECTION ( 'NONE',  ( 0.000000000000000000, 0.000000000000000000, 1.000000000000000000 ) ) ;
#851 = EDGE_CURVE ( 'NONE', #1193, #886, #23, .T. ) ;
#852 = DIRECTION ( 'NONE',  ( 0.000000000000000000, 0.000000000000000000, 1.000000000000000000 ) ) ;
#853 = VECTOR ( 'NONE', #36, 1000.000000000000000 ) ;
#854 = VERTEX_POINT ( 'NONE', #274 ) ;
#855 = CARTESIAN_POINT ( 'NONE',  ( 8.694992273946207746E-16, 1.000000000000000000, -7.099999999999999645 ) ) ;
#856 = CIRCLE ( 'NONE', #1508, 4.975000000000000533 ) ;
#857 = CIRCLE ( 'NONE', #1781, 1.000000000000000888 ) ;
#858 = EDGE_LOOP ( 'NONE', ( #1774, #1474, #752, #746 ) ) ;
#859 = CARTESIAN_POINT ( 'NONE',  ( 0.000000000000000000, 0.000000000000000000, -6.974999999999998757 ) ) ;
#860 = AXIS2_PLACEMENT_3D ( 'NONE', #1328, #1611, #496 ) ;
#861 = LINE ( 'NONE', #1307, #1409 ) ;
#862 = AXIS2_PLACEMENT_3D ( 'NONE', #205, #1219, #617 ) ;
#863 = AXIS2_PLACEMENT_3D ( 'NONE', #1514, #820, #1216 ) ;
#864 = EDGE_CURVE ( 'NONE', #21, #1160, #1104, .T. ) ;
#865 = ORIENTED_EDGE ( 'NONE', *, *, #822, .T. ) ;
#866 =( GEOMETRIC_REPRESENTATION_CONTEXT ( 3 ) GLOBAL_UNCERTAINTY_ASSIGNED_CONTEXT ( ( #622 ) ) GLOBAL_UNIT_ASSIGNED_CONTEXT ( ( #1806, #936, #382 ) ) REPRESENTATION_CONTEXT ( 'NONE', 'WORKASPACE' ) );
#867 = DIRECTION ( 'NONE',  ( 0.000000000000000000, 0.000000000000000000, 1.000000000000000000 ) ) ;
#868 = ADVANCED_FACE ( 'NONE', ( #1731 ), #997, .T. ) ;
#869 = EDGE_CURVE ( 'NONE', #1402, #589, #621, .T. ) ;
#870 = ORIENTED_EDGE ( 'NONE', *, *, #479, .T. ) ;
#871 = FACE_OUTER_BOUND ( 'NONE', #1742, .T. ) ;
#872 = ORIENTED_EDGE ( 'NONE', *, *, #864, .F. ) ;
#873 = DIRECTION ( 'NONE',  ( -0.000000000000000000, -1.000000000000000000, -0.000000000000000000 ) ) ;
#874 = ORIENTED_EDGE ( 'NONE', *, *, #1451, .F. ) ;
#875 = CARTESIAN_POINT ( 'NONE',  ( 0.000000000000000000, 4.000000000000000000, 0.000000000000000000 ) ) ;
#876 = CARTESIAN_POINT ( 'NONE',  ( 9.797174393178825657E-16, 4.800000000000000711, -8.000000000000000000 ) ) ;
#877 = ORIENTED_EDGE ( 'NONE', *, *, #337, .T. ) ;
#878 = AXIS2_PLACEMENT_3D ( 'NONE', #473, #340, #1490 ) ;
#879 = ORIENTED_EDGE ( 'NONE', *, *, #1069, .T. ) ;
#880 = ADVANCED_BREP_SHAPE_REPRESENTATION ( '', ( #1302, #448 ), #209 ) ;
#881 = CARTESIAN_POINT ( 'NONE',  ( 8.082668874372532006E-16, 5.000000000000000000, 6.600000000000000533 ) ) ;
#882 = DIRECTION ( 'NONE',  ( 1.000000000000000000, 0.000000000000000000, 0.000000000000000000 ) ) ;
#883 = ORIENTED_EDGE ( 'NONE', *, *, #539, .T. ) ;
#884 = DIRECTION ( 'NONE',  ( 0.000000000000000000, 0.000000000000000000, 1.000000000000000000 ) ) ;
#885 = CARTESIAN_POINT ( 'NONE',  ( 0.000000000000000000, 0.000000000000000000, 0.000000000000000000 ) ) ;
#886 = VERTEX_POINT ( 'NONE', #1790 ) ;
#887 = DIRECTION ( 'NONE',  ( 0.000000000000000000, 0.000000000000000000, 1.000000000000000000 ) ) ;
#888 = VERTEX_POINT ( 'NONE', #1341 ) ;
#889 = DIRECTION ( 'NONE',  ( -0.000000000000000000, 1.000000000000000000, -0.000000000000000000 ) ) ;
#890 = DIRECTION ( 'NONE',  ( 0.000000000000000000, 0.000000000000000000, -1.000000000000000000 ) ) ;
#891 = EDGE_CURVE ( 'NONE', #969, #893, #324, .T. ) ;
#892 = AXIS2_PLACEMENT_3D ( 'NONE', #106, #254, #561 ) ;
#893 = VERTEX_POINT ( 'NONE', #50 ) ;
#894 = DIRECTION ( 'NONE',  ( 0.000000000000000000, 0.000000000000000000, -1.000000000000000000 ) ) ;
#895 = VECTOR ( 'NONE', #1830, 1000.000000000000000 ) ;
#896 = AXIS2_PLACEMENT_3D ( 'NONE', #606, #1311, #779 ) ;
#897 = EDGE_CURVE ( 'NONE', #1447, #1740, #1377, .T. ) ;
#898 = CIRCLE ( 'NONE', #267, 0.1999999999999996503 ) ;
#899 = PRODUCT_DEFINITION_SHAPE ( 'NONE', 'NONE',  #1872 ) ;
#900 = DIRECTION ( 'NONE',  ( 0.000000000000000000, 1.000000000000000000, 0.000000000000000000 ) ) ;
#901 = ORIENTED_EDGE ( 'NONE', *, *, #95, .F. ) ;
#902 = DIRECTION ( 'NONE',  ( -0.000000000000000000, -1.000000000000000000, -0.000000000000000000 ) ) ;
#903 = VERTEX_POINT ( 'NONE', #580 ) ;
#904 = PLANE ( 'NONE',  #1228 ) ;
#905 = DIRECTION ( 'NONE',  ( 0.000000000000000000, 0.000000000000000000, 1.000000000000000000 ) ) ;
#906 = ORIENTED_EDGE ( 'NONE', *, *, #674, .F. ) ;
#907 = UNCERTAINTY_MEASURE_WITH_UNIT (LENGTH_MEASURE( 1.000000000000000082E-05 ), #39, 'distance_accuracy_value', 'NONE');
#908 = CARTESIAN_POINT ( 'NONE',  ( 0.000000000000000000, 1.000000000000000000, 0.000000000000000000 ) ) ;
#909 = FACE_OUTER_BOUND ( 'NONE', #607, .T. ) ;
#910 = ORIENTED_EDGE ( 'NONE', *, *, #634, .F. ) ;
#911 = DIRECTION ( 'NONE',  ( -0.9592378038446790489, 0.2320986990747666012, -0.1612235391096417669 ) ) ;
#912 = CARTESIAN_POINT ( 'NONE',  ( 0.000000000000000000, 0.2000000000000000111, 0.000000000000000000 ) ) ;
#913 = DIRECTION ( 'NONE',  ( -0.000000000000000000, -1.000000000000000000, -0.000000000000000000 ) ) ;
#914 = CARTESIAN_POINT ( 'NONE',  ( 0.000000000000000000, 0.000000000000000000, 0.000000000000000000 ) ) ;
#915 = PLANE ( 'NONE',  #743 ) ;
#916 = FACE_OUTER_BOUND ( 'NONE', #1394, .T. ) ;
#917 = ADVANCED_FACE ( 'NONE', ( #454, #486 ), #915, .F. ) ;
#918 = EDGE_LOOP ( 'NONE', ( #883, #544 ) ) ;
#919 =( NAMED_UNIT ( * ) SI_UNIT ( $, .STERADIAN. ) SOLID_ANGLE_UNIT ( ) );
#920 = DIRECTION ( 'NONE',  ( 0.000000000000000000, 0.000000000000000000, -1.000000000000000000 ) ) ;
#921 = FACE_OUTER_BOUND ( 'NONE', #1641, .T. ) ;
#922 = VERTEX_POINT ( 'NONE', #445 ) ;
#923 = VECTOR ( 'NONE', #1432, 1000.000000000000000 ) ;
#924 = CARTESIAN_POINT ( 'NONE',  ( 6.092617825758082890E-16, 2.914213562373094035, -4.975000000000000533 ) ) ;
#925 = CIRCLE ( 'NONE', #805, 0.1999999999999996503 ) ;
#926 = AXIS2_PLACEMENT_3D ( 'NONE', #1687, #1265, #252 ) ;
#927 = DIRECTION ( 'NONE',  ( 0.000000000000000000, -0.000000000000000000, 1.000000000000000000 ) ) ;
#928 = CIRCLE ( 'NONE', #141, 7.099999999999999645 ) ;
#929 = AXIS2_PLACEMENT_3D ( 'NONE', #437, #1144, #720 ) ;
#930 = ORIENTED_EDGE ( 'NONE', *, *, #666, .T. ) ;
#931 = CARTESIAN_POINT ( 'NONE',  ( -3.247350194656355882, 2.499999999999973799, 5.015510114959927712 ) ) ;
#932 = EDGE_CURVE ( 'NONE', #1848, #422, #612, .T. ) ;
#933 = CARTESIAN_POINT ( 'NONE',  ( 8.082668874372532006E-16, 5.000000000000000000, 6.600000000000000533 ) ) ;
#934 = EDGE_LOOP ( 'NONE', ( #411, #1143, #1365, #103 ) ) ;
#935 = CYLINDRICAL_SURFACE ( 'NONE', #201, 5.349999999999999645 ) ;
#936 =( NAMED_UNIT ( * ) PLANE_ANGLE_UNIT ( ) SI_UNIT ( $, .RADIAN. ) );
#937 = ORIENTED_EDGE ( 'NONE', *, *, #459, .F. ) ;
#938 = ADVANCED_FACE ( 'NONE', ( #1747 ), #200, .T. ) ;
#939 = ORIENTED_EDGE ( 'NONE', *, *, #517, .F. ) ;
#940 = CARTESIAN_POINT ( 'NONE',  ( 0.000000000000000000, 0.000000000000000000, 0.000000000000000000 ) ) ;
#941 = ORIENTED_EDGE ( 'NONE', *, *, #1120, .T. ) ;
#942 = DIRECTION ( 'NONE',  ( 0.000000000000000000, 1.000000000000000000, 0.000000000000000000 ) ) ;
#943 = CARTESIAN_POINT ( 'NONE',  ( 0.000000000000000000, 4.000000000000000000, 7.099999999999999645 ) ) ;
#944 = DIRECTION ( 'NONE',  ( 0.000000000000000000, 1.000000000000000000, 0.000000000000000000 ) ) ;
#945 = DIRECTION ( 'NONE',  ( -1.000000000000000000, 0.000000000000000000, 0.000000000000000000 ) ) ;
#946 = APPLICATION_PROTOCOL_DEFINITION ( 'draft international standard', 'automotive_design', 1998, #1234 ) ;
#947 = ORIENTED_EDGE ( 'NONE', *, *, #1274, .T. ) ;
#948 = DIRECTION ( 'NONE',  ( 0.6943263948694263776, -0.09555821411417209088, -0.7132877996313519153 ) ) ;
#949 = ADVANCED_FACE ( 'NONE', ( #1170 ), #22, .F. ) ;
#950 = ORIENTED_EDGE ( 'NONE', *, *, #1537, .T. ) ;
#951 = CARTESIAN_POINT ( 'NONE',  ( 6.322239100598211293E-16, 2.914213562373094035, -4.975000000000000533 ) ) ;
#952 = EDGE_CURVE ( 'NONE', #46, #603, #1159, .T. ) ;
#953 = VERTEX_POINT ( 'NONE', #1466 ) ;
#954 = DIRECTION ( 'NONE',  ( -0.000000000000000000, -1.000000000000000000, -0.000000000000000000 ) ) ;
#955 = CARTESIAN_POINT ( 'NONE',  ( 8.694992273946207746E-16, 4.000000000000000000, -7.099999999999999645 ) ) ;
#956 = CIRCLE ( 'NONE', #504, 7.800000000000000711 ) ;
#957 = CIRCLE ( 'NONE', #292, 7.299999999999998934 ) ;
#958 = AXIS2_PLACEMENT_3D ( 'NONE', #1272, #1563, #125 ) ;
#959 = ORIENTED_EDGE ( 'NONE', *, *, #1254, .F. ) ;
#960 = AXIS2_PLACEMENT_3D ( 'NONE', #1791, #455, #1038 ) ;
#961 = ORIENTED_EDGE ( 'NONE', *, *, #729, .T. ) ;
#962 = CARTESIAN_POINT ( 'NONE',  ( 0.000000000000000000, 0.000000000000000000, 0.000000000000000000 ) ) ;
#963 = CARTESIAN_POINT ( 'NONE',  ( 0.000000000000000000, 4.800000000000000711, 0.000000000000000000 ) ) ;
#964 = CARTESIAN_POINT ( 'NONE',  ( 0.000000000000000000, 5.000000000000000000, 0.000000000000000000 ) ) ;
#965 = CARTESIAN_POINT ( 'NONE',  ( 0.000000000000000000, 4.000000000000000000, 0.000000000000000000 ) ) ;
#966 = APPLICATION_CONTEXT ( 'automotive_design' ) ;
#967 = AXIS2_PLACEMENT_3D ( 'NONE', #1251, #944, #652 ) ;
#968 = ADVANCED_FACE ( 'NONE', ( #304 ), #44, .T. ) ;
#969 = VERTEX_POINT ( 'NONE', #167 ) ;
#970 = CARTESIAN_POINT ( 'NONE',  ( 0.000000000000000000, 5.000000000000000000, -9.000000000000000000 ) ) ;
#971 = CARTESIAN_POINT ( 'NONE',  ( 0.000000000000000000, 0.1999999999999996503, 0.000000000000000000 ) ) ;
#972 = PRESENTATION_STYLE_ASSIGNMENT (( #417 ) ) ;
#973 = DIRECTION ( 'NONE',  ( -0.000000000000000000, -1.000000000000000000, -0.000000000000000000 ) ) ;
#974 = DIRECTION ( 'NONE',  ( -0.6943263948694209375, -0.09555821411417209088, 0.7132877996313570224 ) ) ;
#975 = EDGE_LOOP ( 'NONE', ( #275, #9, #1237, #438 ) ) ;
#976 = CYLINDRICAL_SURFACE ( 'NONE', #831, 7.099999999999999645 ) ;
#977 = DIRECTION ( 'NONE',  ( 1.224646799147353454E-16, 0.000000000000000000, -1.000000000000000000 ) ) ;
#978 = DIRECTION ( 'NONE',  ( 0.000000000000000000, 1.000000000000000000, 0.000000000000000000 ) ) ;
#979 = DIRECTION ( 'NONE',  ( -0.000000000000000000, 1.000000000000000000, -0.000000000000000000 ) ) ;
#980 = MECHANICAL_DESIGN_GEOMETRIC_PRESENTATION_REPRESENTATION (  '', ( #804 ), #866 ) ;
#981 = CIRCLE ( 'NONE', #1227, 9.000000000000000000 ) ;
#982 = AXIS2_PLACEMENT_3D ( 'NONE', #1453, #336, #164 ) ;
#983 = ADVANCED_FACE ( 'NONE', ( #735 ), #322, .T. ) ;
#984 = ORIENTED_EDGE ( 'NONE', *, *, #370, .F. ) ;
#985 = VECTOR ( 'NONE', #353, 1000.000000000000000 ) ;
#986 = LINE ( 'NONE', #1287, #89 ) ;
#987 = AXIS2_PLACEMENT_3D ( 'NONE', #1319, #47, #1204 ) ;
#988 = PRODUCT_DEFINITION_FORMATION_WITH_SPECIFIED_SOURCE ( 'ANY', '', #1122, .NOT_KNOWN. ) ;
#989 = ADVANCED_FACE ( 'NONE', ( #590 ), #747, .F. ) ;
#990 = DIRECTION ( 'NONE',  ( 0.000000000000000000, 1.000000000000000000, 0.000000000000000000 ) ) ;
#991 = CARTESIAN_POINT ( 'NONE',  ( 9.674709713264090115E-16, 5.000000000000000000, -7.800000000000000711 ) ) ;
#992 = DIRECTION ( 'NONE',  ( 1.224646799147358384E-16, 0.000000000000000000, -1.000000000000000000 ) ) ;
#993 = ORIENTED_EDGE ( 'NONE', *, *, #952, .T. ) ;
#994 = EDGE_CURVE ( 'NONE', #1534, #854, #654, .T. ) ;
#995 = CARTESIAN_POINT ( 'NONE',  ( 4.898587196589412829E-16, 4.800000000000000711, 4.000000000000000000 ) ) ;
#996 = DIRECTION ( 'NONE',  ( 0.000000000000000000, 0.000000000000000000, 1.000000000000000000 ) ) ;
#997 = CYLINDRICAL_SURFACE ( 'NONE', #1433, 9.000000000000000000 ) ;
#998 = DIRECTION ( 'NONE',  ( 0.000000000000000000, 1.000000000000000000, 0.000000000000000000 ) ) ;
#999 = EDGE_LOOP ( 'NONE', ( #193, #1300 ) ) ;
#1000 = FACE_OUTER_BOUND ( 'NONE', #785, .T. ) ;
#1001 = ADVANCED_FACE ( 'NONE', ( #198 ), #645, .F. ) ;
#1002 = ORIENTED_EDGE ( 'NONE', *, *, #1274, .F. ) ;
#1003 = DIRECTION ( 'NONE',  ( -0.000000000000000000, -1.000000000000000000, -0.000000000000000000 ) ) ;
#1004 = CYLINDRICAL_SURFACE ( 'NONE', #87, 4.849999999999999645 ) ;
#1005 = ADVANCED_FACE ( 'NONE', ( #759 ), #312, .T. ) ;
#1006 = VERTEX_POINT ( 'NONE', #1190 ) ;
#1007 = DIRECTION ( 'NONE',  ( -0.000000000000000000, -1.000000000000000000, -0.000000000000000000 ) ) ;
#1008 = EDGE_CURVE ( 'NONE', #793, #754, #768, .T. ) ;
#1009 = CIRCLE ( 'NONE', #684, 4.200000000000000178 ) ;
#1010 = ORIENTED_EDGE ( 'NONE', *, *, #142, .T. ) ;
#1011 = PLANE ( 'NONE',  #1286 ) ;
#1012 = AXIS2_PLACEMENT_3D ( 'NONE', #552, #1273, #1856 ) ;
#1013 = AXIS2_PLACEMENT_3D ( 'NONE', #371, #1518, #1527 ) ;
#1014 = VERTEX_POINT ( 'NONE', #1659 ) ;
#1015 = DIRECTION ( 'NONE',  ( 0.000000000000000000, 0.000000000000000000, 1.000000000000000000 ) ) ;
#1016 = AXIS2_PLACEMENT_3D ( 'NONE', #1024, #1608, #1599 ) ;
#1017 = AXIS2_PLACEMENT_3D ( 'NONE', #1258, #1521, #1846 ) ;
#1018 = VERTEX_POINT ( 'NONE', #81 ) ;
#1019 = DIRECTION ( 'NONE',  ( 0.000000000000000000, 0.000000000000000000, 1.000000000000000000 ) ) ;
#1020 = ADVANCED_FACE ( 'NONE', ( #1817 ), #721, .T. ) ;
#1021 = ORIENTED_EDGE ( 'NONE', *, *, #315, .F. ) ;
#1022 = DIRECTION ( 'NONE',  ( 0.000000000000000000, 0.000000000000000000, -1.000000000000000000 ) ) ;
#1023 = ORIENTED_EDGE ( 'NONE', *, *, #897, .F. ) ;
#1024 = CARTESIAN_POINT ( 'NONE',  ( 0.000000000000000000, 4.000000000000000000, 0.000000000000000000 ) ) ;
#1025 = CARTESIAN_POINT ( 'NONE',  ( 0.000000000000000000, 5.000000000000000000, -4.000000000000000000 ) ) ;
#1026 = ORIENTED_EDGE ( 'NONE', *, *, #1385, .T. ) ;
#1027 = CARTESIAN_POINT ( 'NONE',  ( 0.000000000000000000, 0.000000000000000000, 0.000000000000000000 ) ) ;
#1028 = PLANE ( 'NONE',  #143 ) ;
#1029 = EDGE_CURVE ( 'NONE', #1222, #38, #1075, .T. ) ;
#1030 = ORIENTED_EDGE ( 'NONE', *, *, #1451, .T. ) ;
#1031 = FACE_OUTER_BOUND ( 'NONE', #1735, .T. ) ;
#1032 = ORIENTED_EDGE ( 'NONE', *, *, #1327, .T. ) ;
#1033 = LINE ( 'NONE', #187, #203 ) ;
#1034 = CARTESIAN_POINT ( 'NONE',  ( 6.092617825758081904E-16, 0.000000000000000000, 4.974999999999999645 ) ) ;
#1035 = APPLICATION_CONTEXT ( 'automotive_design' ) ;
#1036 = VERTEX_POINT ( 'NONE', #1362 ) ;
#1037 = DIRECTION ( 'NONE',  ( 0.000000000000000000, 0.000000000000000000, 1.000000000000000000 ) ) ;
#1038 = DIRECTION ( 'NONE',  ( 0.000000000000000000, 0.000000000000000000, 1.000000000000000000 ) ) ;
#1039 = ORIENTED_EDGE ( 'NONE', *, *, #677, .T. ) ;
#1040 = AXIS2_PLACEMENT_3D ( 'NONE', #1326, #604, #1766 ) ;
#1041 = DIRECTION ( 'NONE',  ( 1.000000000000000000, 0.000000000000000000, 0.000000000000000000 ) ) ;
#1042 = ORIENTED_EDGE ( 'NONE', *, *, #994, .T. ) ;
#1043 = CARTESIAN_POINT ( 'NONE',  ( 0.000000000000000000, 2.085786437626905077, 6.974999999999998757 ) ) ;
#1044 = CIRCLE ( 'NONE', #558, 0.2000000000000005107 ) ;
#1045 = FACE_OUTER_BOUND ( 'NONE', #1583, .T. ) ;
#1046 = AXIS2_PLACEMENT_3D ( 'NONE', #1661, #1245, #1088 ) ;
#1047 = PRODUCT_RELATED_PRODUCT_CATEGORY ( 'part', '', ( #1712 ) ) ;
#1048 = EDGE_CURVE ( 'NONE', #480, #1160, #925, .T. ) ;
#1049 = TOROIDAL_SURFACE ( 'NONE', #1473, 4.649999999999999467, 0.2000000000000000111 ) ;
#1050 = EDGE_LOOP ( 'NONE', ( #224, #649, #96, #1 ) ) ;
#1051 = CARTESIAN_POINT ( 'NONE',  ( 0.000000000000000000, 3.289213562373094479, 0.000000000000000000 ) ) ;
#1052 = VECTOR ( 'NONE', #1177, 999.9999999999998863 ) ;
#1053 = AXIS2_PLACEMENT_3D ( 'NONE', #1485, #1304, #582 ) ;
#1054 = CARTESIAN_POINT ( 'NONE',  ( 0.000000000000000000, 1.100000000000000311, 8.000000000000000000 ) ) ;
#1055 = EDGE_LOOP ( 'NONE', ( #797, #29, #306, #767 ) ) ;
#1056 = CARTESIAN_POINT ( 'NONE',  ( 6.322239100598210306E-16, 2.085786437626905965, 4.974999999999998757 ) ) ;
#1057 = VERTEX_POINT ( 'NONE', #1096 ) ;
#1058 = PRODUCT_DEFINITION_CONTEXT ( 'detailed design', #1127, 'design' ) ;
#1059 = CARTESIAN_POINT ( 'NONE',  ( 0.000000000000000000, 4.000000000000000000, 0.000000000000000000 ) ) ;
#1060 = ADVANCED_FACE ( 'NONE', ( #1390 ), #1520, .T. ) ;
#1061 = CARTESIAN_POINT ( 'NONE',  ( 9.797174393178825657E-16, 1.100000000000000311, -8.000000000000000000 ) ) ;
#1062 = ORIENTED_EDGE ( 'NONE', *, *, #337, .F. ) ;
#1063 =( LENGTH_UNIT ( ) NAMED_UNIT ( * ) SI_UNIT ( .MILLI., .METRE. ) );
#1064 = DIRECTION ( 'NONE',  ( 1.000000000000000000, 0.000000000000000000, 0.000000000000000000 ) ) ;
#1065 = CARTESIAN_POINT ( 'NONE',  ( 0.000000000000000000, 2.914213562373094035, 0.000000000000000000 ) ) ;
#1066 = DIRECTION ( 'NONE',  ( 1.000000000000000000, -0.000000000000000000, 1.224646799147353207E-16 ) ) ;
#1067 = ADVANCED_FACE ( 'NONE', ( #1354 ), #935, .T. ) ;
#1068 = DIRECTION ( 'NONE',  ( -0.000000000000000000, -1.000000000000000000, -0.000000000000000000 ) ) ;
#1069 = EDGE_CURVE ( 'NONE', #1402, #854, #1106, .T. ) ;
#1070 = CONTEXT_DEPENDENT_SHAPE_REPRESENTATION ( #1684, #1323 ) ;
#1071 = EDGE_LOOP ( 'NONE', ( #467, #1428 ) ) ;
#1072 = DIRECTION ( 'NONE',  ( -0.1430880855845141908, 0.2320986990747665180, -0.9621101775012879109 ) ) ;
#1073 = VERTEX_POINT ( 'NONE', #1649 ) ;
#1074 = CARTESIAN_POINT ( 'NONE',  ( 5.143516556418882928E-16, -1.761828530288944705E-16, -4.200000000000000178 ) ) ;
#1075 = CIRCLE ( 'NONE', #231, 0.1999999999999996503 ) ;
#1076 = CYLINDRICAL_SURFACE ( 'NONE', #1689, 6.600000000000000533 ) ;
#1077 = CIRCLE ( 'NONE', #385, 8.000000000000000000 ) ;
#1078 = AXIS2_PLACEMENT_3D ( 'NONE', #1698, #1112, #412 ) ;
#1079 = VECTOR ( 'NONE', #313, 1000.000000000000000 ) ;
#1080 = EDGE_CURVE ( 'NONE', #922, #1809, #1195, .T. ) ;
#1081 = APPLICATION_PROTOCOL_DEFINITION ( 'draft international standard', 'automotive_design', 1998, #708 ) ;
#1082 = ORIENTED_EDGE ( 'NONE', *, *, #1768, .F. ) ;
#1083 = PRODUCT_DEFINITION_SHAPE ( 'NONE', 'NONE',  #823 ) ;
#1084 = ORIENTED_EDGE ( 'NONE', *, *, #272, .T. ) ;
#1085 = DIRECTION ( 'NONE',  ( 0.000000000000000000, 0.000000000000000000, 1.000000000000000000 ) ) ;
#1086 = ORIENTED_EDGE ( 'NONE', *, *, #1612, .F. ) ;
#1087 = DIRECTION ( 'NONE',  ( -0.000000000000000000, -1.000000000000000000, -0.000000000000000000 ) ) ;
#1088 = DIRECTION ( 'NONE',  ( 0.000000000000000000, 0.000000000000000000, 1.000000000000000000 ) ) ;
#1089 = EDGE_LOOP ( 'NONE', ( #1572, #1032, #1344, #1780 ) ) ;
#1090 = CARTESIAN_POINT ( 'NONE',  ( -5.575204372460961899, 2.499999999999973799, 2.148888365013919888 ) ) ;
#1091 = EDGE_CURVE ( 'NONE', #1036, #969, #356, .T. ) ;
#1092 = FACE_OUTER_BOUND ( 'NONE', #1369, .T. ) ;
#1093 = DIRECTION ( 'NONE',  ( 0.000000000000000000, 0.000000000000000000, 1.000000000000000000 ) ) ;
#1094 = EDGE_CURVE ( 'NONE', #1623, #893, #794, .T. ) ;
#1095 = ORIENTED_EDGE ( 'NONE', *, *, #729, .F. ) ;
#1096 = CARTESIAN_POINT ( 'NONE',  ( 0.000000000000000000, 1.710786437626907519, -6.600000000000000533 ) ) ;
#1097 = DIRECTION ( 'NONE',  ( 0.000000000000000000, 0.000000000000000000, 1.000000000000000000 ) ) ;
#1098 = ITEM_DEFINED_TRANSFORMATION ( 'NONE', 'NONE', #1384,  #448 ) ;
#1099 = VERTEX_POINT ( 'NONE', #1825 ) ;
#1100 = DIRECTION ( 'NONE',  ( -0.9809819023559123163, -0.09555821411417209088, 0.1689471366004325625 ) ) ;
#1101 = DIRECTION ( 'NONE',  ( -0.000000000000000000, -1.000000000000000000, -0.000000000000000000 ) ) ;
#1102 = DIRECTION ( 'NONE',  ( 0.000000000000000000, 0.000000000000000000, 1.000000000000000000 ) ) ;
#1103 = DIRECTION ( 'NONE',  ( 0.000000000000000000, 0.000000000000000000, -1.000000000000000000 ) ) ;
#1104 = CIRCLE ( 'NONE', #1564, 7.800000000000000711 ) ;
#1105 = DIRECTION ( 'NONE',  ( 0.000000000000000000, 1.000000000000000000, 0.000000000000000000 ) ) ;
#1106 = CIRCLE ( 'NONE', #233, 0.1999999999999996503 ) ;
#1107 = TOROIDAL_SURFACE ( 'NONE', #659, 4.649999999999999467, 0.2000000000000000111 ) ;
#1108 = AXIS2_PLACEMENT_3D ( 'NONE', #191, #769, #1499 ) ;
#1109 = AXIS2_PLACEMENT_3D ( 'NONE', #1624, #608, #151 ) ;
#1110 = CIRCLE ( 'NONE', #295, 0.1999999999999996503 ) ;
#1111 = ORIENTED_EDGE ( 'NONE', *, *, #296, .F. ) ;
#1112 = DIRECTION ( 'NONE',  ( -0.000000000000000000, -1.000000000000000000, -0.000000000000000000 ) ) ;
#1113 = DIRECTION ( 'NONE',  ( 0.000000000000000000, 0.000000000000000000, -1.000000000000000000 ) ) ;
#1114 = CYLINDRICAL_SURFACE ( 'NONE', #169, 6.600000000000000533 ) ;
#1115 = CARTESIAN_POINT ( 'NONE',  ( 0.000000000000000000, 4.000000000000000000, 0.000000000000000000 ) ) ;
#1116 = ORIENTED_EDGE ( 'NONE', *, *, #1555, .F. ) ;
#1117 = FACE_OUTER_BOUND ( 'NONE', #1546, .T. ) ;
#1118 = DIRECTION ( 'NONE',  ( 0.000000000000000000, 0.000000000000000000, 1.000000000000000000 ) ) ;
#1119 = DIRECTION ( 'NONE',  ( 0.000000000000000000, 1.000000000000000000, 0.000000000000000000 ) ) ;
#1120 = EDGE_CURVE ( 'NONE', #1057, #1800, #1621, .T. ) ;
#1121 = EDGE_CURVE ( 'NONE', #631, #1305, #520, .T. ) ;
#1122 = PRODUCT ( 'F688ZZ_Housing', 'F688ZZ_Housing', '', ( #1399 ) ) ;
#1123 = EDGE_LOOP ( 'NONE', ( #1610, #1444, #1324, #1218 ) ) ;
#1124 = CARTESIAN_POINT ( 'NONE',  ( 5.939536975864661982E-16, 0.000000000000000000, -4.849999999999999645 ) ) ;
#1125 = CARTESIAN_POINT ( 'NONE',  ( 0.000000000000000000, 0.000000000000000000, 0.000000000000000000 ) ) ;
#1126 = SURFACE_STYLE_FILL_AREA ( #402 ) ;
#1127 = APPLICATION_CONTEXT ( 'automotive_design' ) ;
#1128 = DIRECTION ( 'NONE',  ( 0.000000000000000000, 0.000000000000000000, 1.000000000000000000 ) ) ;
#1129 = CONTEXT_DEPENDENT_SHAPE_REPRESENTATION ( #65, #611 ) ;
#1130 = EDGE_CURVE ( 'NONE', #888, #32, #981, .T. ) ;
#1131 = CIRCLE ( 'NONE', #1012, 4.849999999999999645 ) ;
#1132 = CIRCLE ( 'NONE', #481, 4.649999999999999467 ) ;
#1133 = ORIENTED_EDGE ( 'NONE', *, *, #1094, .F. ) ;
#1134 = VECTOR ( 'NONE', #1715, 1000.000000000000000 ) ;
#1135 = DIRECTION ( 'NONE',  ( 0.000000000000000000, 1.000000000000000000, 0.000000000000000000 ) ) ;
#1136 = AXIS2_PLACEMENT_3D ( 'NONE', #576, #439, #1015 ) ;
#1137 = CIRCLE ( 'NONE', #1053, 5.349999999999999645 ) ;
#1138 = CARTESIAN_POINT ( 'NONE',  ( 0.000000000000000000, 2.085786437626905965, -4.974999999999998757 ) ) ;
#1139 = DIRECTION ( 'NONE',  ( -0.000000000000000000, 1.000000000000000000, -0.000000000000000000 ) ) ;
#1140 = DIRECTION ( 'NONE',  ( 0.000000000000000000, 0.000000000000000000, -1.000000000000000000 ) ) ;
#1141 = DIRECTION ( 'NONE',  ( 0.000000000000000000, 0.000000000000000000, 1.000000000000000000 ) ) ;
#1142 = ADVANCED_FACE ( 'NONE', ( #502 ), #1076, .F. ) ;
#1143 = ORIENTED_EDGE ( 'NONE', *, *, #347, .T. ) ;
#1144 = DIRECTION ( 'NONE',  ( 0.000000000000000000, 1.000000000000000000, 0.000000000000000000 ) ) ;
#1145 = EDGE_CURVE ( 'NONE', #453, #376, #288, .T. ) ;
#1146 = ORIENTED_EDGE ( 'NONE', *, *, #152, .T. ) ;
#1147 = LINE ( 'NONE', #1043, #173 ) ;
#1148 = DIRECTION ( 'NONE',  ( 0.000000000000000000, 0.000000000000000000, 1.000000000000000000 ) ) ;
#1149 = DIRECTION ( 'NONE',  ( 0.000000000000000000, 0.000000000000000000, -1.000000000000000000 ) ) ;
#1150 = ITEM_DEFINED_TRANSFORMATION ( 'NONE', 'NONE', #661,  #448 ) ;
#1151 = EDGE_CURVE ( 'NONE', #384, #1073, #442, .T. ) ;
#1152 = EDGE_LOOP ( 'NONE', ( #618, #1207, #1663, #874 ) ) ;
#1153 = DIRECTION ( 'NONE',  ( 0.000000000000000000, 0.000000000000000000, 1.000000000000000000 ) ) ;
#1154 = ORIENTED_EDGE ( 'NONE', *, *, #792, .F. ) ;
#1155 = DIRECTION ( 'NONE',  ( 0.000000000000000000, 0.000000000000000000, 1.000000000000000000 ) ) ;
#1156 = ADVANCED_FACE ( 'NONE', ( #1512 ), #786, .T. ) ;
#1157 = ORIENTED_EDGE ( 'NONE', *, *, #700, .F. ) ;
#1158 = DIRECTION ( 'NONE',  ( 0.000000000000000000, 0.000000000000000000, 1.000000000000000000 ) ) ;
#1159 = CIRCLE ( 'NONE', #358, 7.099999999999999645 ) ;
#1160 = VERTEX_POINT ( 'NONE', #991 ) ;
#1161 = DIRECTION ( 'NONE',  ( 0.000000000000000000, 0.000000000000000000, 1.000000000000000000 ) ) ;
#1162 = AXIS2_PLACEMENT_3D ( 'NONE', #714, #818, #1831 ) ;
#1163 = AXIS2_PLACEMENT_3D ( 'NONE', #1854, #1277, #697 ) ;
#1164 = EDGE_LOOP ( 'NONE', ( #49, #464, #40, #1361 ) ) ;
#1165 = CARTESIAN_POINT ( 'NONE',  ( 0.000000000000000000, 4.800000000000000711, 7.299999999999998934 ) ) ;
#1166 = CIRCLE ( 'NONE', #780, 8.799999999999998934 ) ;
#1167 = DIRECTION ( 'NONE',  ( 0.000000000000000000, 1.000000000000000000, 0.000000000000000000 ) ) ;
#1168 = AXIS2_PLACEMENT_3D ( 'NONE', #771, #369, #516 ) ;
#1169 = ORIENTED_EDGE ( 'NONE', *, *, #691, .T. ) ;
#1170 = FACE_OUTER_BOUND ( 'NONE', #1469, .T. ) ;
#1171 = ADVANCED_FACE ( 'NONE', ( #1406 ), #325, .T. ) ;
#1172 = CARTESIAN_POINT ( 'NONE',  ( 0.000000000000000000, 2.914213562373094035, 0.000000000000000000 ) ) ;
#1173 = EDGE_LOOP ( 'NONE', ( #941, #387, #15, #1439 ) ) ;
#1174 = DIRECTION ( 'NONE',  ( 0.000000000000000000, -0.000000000000000000, 1.000000000000000000 ) ) ;
#1175 = EDGE_LOOP ( 'NONE', ( #1386, #468, #1318, #282 ) ) ;
#1176 = CARTESIAN_POINT ( 'NONE',  ( 0.000000000000000000, 1.000000000000000000, 0.000000000000000000 ) ) ;
#1177 = DIRECTION ( 'NONE',  ( 8.659560562354930393E-17, -0.7071067811865479058, 0.7071067811865472397 ) ) ;
#1178 = ORIENTED_EDGE ( 'NONE', *, *, #822, .F. ) ;
#1179 = CARTESIAN_POINT ( 'NONE',  ( 0.000000000000000000, 5.000000000000000000, 0.000000000000000000 ) ) ;
#1180 = DIRECTION ( 'NONE',  ( 0.000000000000000000, 1.000000000000000000, 0.000000000000000000 ) ) ;
#1181 = EDGE_LOOP ( 'NONE', ( #1486, #386, #947, #1420 ) ) ;
#1182 = CARTESIAN_POINT ( 'NONE',  ( 0.000000000000000000, 4.000000000000000000, -6.600000000000000533 ) ) ;
#1183 = PRODUCT_DEFINITION_SHAPE ( 'NONE', 'NONE',  #1870 ) ;
#1184 = EDGE_CURVE ( 'NONE', #893, #969, #1434, .T. ) ;
#1185 = EDGE_LOOP ( 'NONE', ( #1330, #298, #1285, #234 ) ) ;
#1186 = DIRECTION ( 'NONE',  ( -0.000000000000000000, -1.000000000000000000, -0.000000000000000000 ) ) ;
#1187 = FACE_OUTER_BOUND ( 'NONE', #1594, .T. ) ;
#1188 = ORIENTED_EDGE ( 'NONE', *, *, #683, .T. ) ;
#1189 = UNCERTAINTY_MEASURE_WITH_UNIT (LENGTH_MEASURE( 1.000000000000000082E-05 ), #97, 'distance_accuracy_value', 'NONE');
#1190 = CARTESIAN_POINT ( 'NONE',  ( 1.089935651241144160E-15, 0.000000000000000000, -8.799999999999998934 ) ) ;
#1191 = DIRECTION ( 'NONE',  ( 0.000000000000000000, 1.000000000000000000, 0.000000000000000000 ) ) ;
#1192 = APPLICATION_CONTEXT ( 'automotive_design' ) ;
#1193 = VERTEX_POINT ( 'NONE', #113 ) ;
#1194 = DIRECTION ( 'NONE',  ( -0.000000000000000000, -1.000000000000000000, -0.000000000000000000 ) ) ;
#1195 = CIRCLE ( 'NONE', #414, 7.099999999999999645 ) ;
#1196 = FACE_OUTER_BOUND ( 'NONE', #1185, .T. ) ;
#1197 = CLOSED_SHELL ( 'NONE', ( #1464, #1020, #1005, #1819, #523, #593, #1359, #1001, #1664, #484, #1713, #202, #122, #1807, #1142, #1248, #261, #868, #1805, #424, #1859, #949, #120, #1477, #1738, #1745, #795, #844, #532, #1368, #1239, #1206, #1674 ) ) ;
#1198 = CIRCLE ( 'NONE', #477, 6.600000000000000533 ) ;
#1199 = VERTEX_POINT ( 'NONE', #693 ) ;
#1200 = CARTESIAN_POINT ( 'NONE',  ( 0.000000000000000000, 2.914213562373094035, 0.000000000000000000 ) ) ;
#1201 = AXIS2_PLACEMENT_3D ( 'NONE', #885, #183, #1202 ) ;
#1202 = DIRECTION ( 'NONE',  ( 0.000000000000000000, 0.000000000000000000, 1.000000000000000000 ) ) ;
#1203 = ORIENTED_EDGE ( 'NONE', *, *, #1385, .F. ) ;
#1204 = DIRECTION ( 'NONE',  ( -1.000000000000000000, 0.000000000000000000, -1.224646799147353454E-16 ) ) ;
#1205 = DIRECTION ( 'NONE',  ( 1.000000000000000000, -0.000000000000000000, 1.224646799147353207E-16 ) ) ;
#1206 = ADVANCED_FACE ( 'NONE', ( #819 ), #657, .T. ) ;
#1207 = ORIENTED_EDGE ( 'NONE', *, *, #1281, .T. ) ;
#1208 = ADVANCED_FACE ( 'NONE', ( #541 ), #505, .T. ) ;
#1209 = DIRECTION ( 'NONE',  ( -1.000000000000000000, 0.000000000000000000, 0.000000000000000000 ) ) ;
#1210 = CARTESIAN_POINT ( 'NONE',  ( 5.143516556418882928E-16, 4.800000000000000711, -4.200000000000000178 ) ) ;
#1211 = ORIENTED_EDGE ( 'NONE', *, *, #677, .F. ) ;
#1212 = DIRECTION ( 'NONE',  ( 0.8929356654909708091, -0.09555821411417217415, 0.4399255903098920895 ) ) ;
#1213 = DIRECTION ( 'NONE',  ( 0.000000000000000000, 0.000000000000000000, 1.000000000000000000 ) ) ;
#1214 = ORIENTED_EDGE ( 'NONE', *, *, #1184, .T. ) ;
#1215 = DIRECTION ( 'NONE',  ( 0.000000000000000000, 0.000000000000000000, 1.000000000000000000 ) ) ;
#1216 = DIRECTION ( 'NONE',  ( 0.000000000000000000, 0.000000000000000000, 1.000000000000000000 ) ) ;
#1217 = CONTEXT_DEPENDENT_SHAPE_REPRESENTATION ( #1422, #334 ) ;
#1218 = ORIENTED_EDGE ( 'NONE', *, *, #891, .F. ) ;
#1219 = DIRECTION ( 'NONE',  ( 0.000000000000000000, 0.000000000000000000, 1.000000000000000000 ) ) ;
#1220 = ORIENTED_EDGE ( 'NONE', *, *, #69, .T. ) ;
#1221 = DIRECTION ( 'NONE',  ( -0.000000000000000000, -1.000000000000000000, -0.000000000000000000 ) ) ;
#1222 = VERTEX_POINT ( 'NONE', #849 ) ;
#1223 = CARTESIAN_POINT ( 'NONE',  ( 0.000000000000000000, 4.800000000000000711, 0.000000000000000000 ) ) ;
#1224 = AXIS2_PLACEMENT_3D ( 'NONE', #190, #346, #1310 ) ;
#1225 = AXIS2_PLACEMENT_3D ( 'NONE', #827, #1268, #850 ) ;
#1226 = CARTESIAN_POINT ( 'NONE',  ( 6.551860375438339695E-16, 5.000000000000000000, 5.349999999999999645 ) ) ;
#1227 = AXIS2_PLACEMENT_3D ( 'NONE', #1797, #954, #525 ) ;
#1228 = AXIS2_PLACEMENT_3D ( 'NONE', #1736, #1291, #146 ) ;
#1229 = AXIS2_PLACEMENT_3D ( 'NONE', #663, #236, #1496 ) ;
#1230 = FILL_AREA_STYLE ('',( #513 ) ) ;
#1231 = PRODUCT ( 'F688ZZ_assembly', 'F688ZZ_assembly', '', ( #668 ) ) ;
#1232 = CIRCLE ( 'NONE', #1352, 4.200000000000000178 ) ;
#1233 = ADVANCED_FACE ( 'NONE', ( #1279 ), #132, .T. ) ;
#1234 = APPLICATION_CONTEXT ( 'automotive_design' ) ;
#1235 = TOROIDAL_SURFACE ( 'NONE', #238, 8.799999999999998934, 0.2000000000000000111 ) ;
#1236 = CONTEXT_DEPENDENT_SHAPE_REPRESENTATION ( #228, #1337 ) ;
#1237 = ORIENTED_EDGE ( 'NONE', *, *, #1690, .T. ) ;
#1238 =( NAMED_UNIT ( * ) SI_UNIT ( $, .STERADIAN. ) SOLID_ANGLE_UNIT ( ) );
#1239 = ADVANCED_FACE ( 'NONE', ( #679 ), #1566, .T. ) ;
#1240 = ORIENTED_EDGE ( 'NONE', *, *, #126, .T. ) ;
#1241 = DIRECTION ( 'NONE',  ( -0.000000000000000000, -1.000000000000000000, -0.000000000000000000 ) ) ;
#1242 = CARTESIAN_POINT ( 'NONE',  ( 0.000000000000000000, 1.000000000000000000, 0.000000000000000000 ) ) ;
#1243 = DIRECTION ( 'NONE',  ( 0.000000000000000000, 0.000000000000000000, 1.000000000000000000 ) ) ;
#1244 = CARTESIAN_POINT ( 'NONE',  ( 0.000000000000000000, 5.000000000000000000, 0.000000000000000000 ) ) ;
#1245 = DIRECTION ( 'NONE',  ( -0.000000000000000000, -1.000000000000000000, -0.000000000000000000 ) ) ;
#1246 = CONTEXT_DEPENDENT_SHAPE_REPRESENTATION ( #1290, #1730 ) ;
#1247 = ORIENTED_EDGE ( 'NONE', *, *, #1604, .F. ) ;
#1248 = ADVANCED_FACE ( 'NONE', ( #836 ), #1114, .F. ) ;
#1249 = CARTESIAN_POINT ( 'NONE',  ( 0.000000000000000000, 0.9000000000000005773, 0.000000000000000000 ) ) ;
#1250 = CARTESIAN_POINT ( 'NONE',  ( 0.000000000000000000, 2.085786437626905077, 0.000000000000000000 ) ) ;
#1251 = CARTESIAN_POINT ( 'NONE',  ( 0.000000000000000000, 4.800000000000000711, 0.000000000000000000 ) ) ;
#1252 = ORIENTED_EDGE ( 'NONE', *, *, #1080, .T. ) ;
#1253 = DIRECTION ( 'NONE',  ( 0.000000000000000000, 0.000000000000000000, 1.000000000000000000 ) ) ;
#1254 = EDGE_CURVE ( 'NONE', #888, #651, #1044, .T. ) ;
#1255 = DIRECTION ( 'NONE',  ( -0.000000000000000000, -1.000000000000000000, -0.000000000000000000 ) ) ;
#1256 = FILL_AREA_STYLE_COLOUR ( '', #685 ) ;
#1257 = AXIS2_PLACEMENT_3D ( 'NONE', #570, #973, #1149 ) ;
#1258 = CARTESIAN_POINT ( 'NONE',  ( 0.000000000000000000, 0.1999999999999996503, 0.000000000000000000 ) ) ;
#1259 = VECTOR ( 'NONE', #434, 1000.000000000000000 ) ;
#1260 = VECTOR ( 'NONE', #1003, 1000.000000000000000 ) ;
#1261 = TOROIDAL_SURFACE ( 'NONE', #591, 8.799999999999998934, 0.2000000000000000111 ) ;
#1262 = AXIS2_PLACEMENT_3D ( 'NONE', #774, #352, #920 ) ;
#1263 = AXIS2_PLACEMENT_3D ( 'NONE', #1578, #1562, #276 ) ;
#1264 = VERTEX_POINT ( 'NONE', #279 ) ;
#1265 = DIRECTION ( 'NONE',  ( 0.000000000000000000, 1.000000000000000000, 0.000000000000000000 ) ) ;
#1266 = DIRECTION ( 'NONE',  ( 0.000000000000000000, 0.000000000000000000, 1.000000000000000000 ) ) ;
#1267 = ADVANCED_FACE ( 'NONE', ( #5 ), #1004, .T. ) ;
#1268 = DIRECTION ( 'NONE',  ( 0.000000000000000000, 1.000000000000000000, 0.000000000000000000 ) ) ;
#1269 = CONTEXT_DEPENDENT_SHAPE_REPRESENTATION ( #330, #177 ) ;
#1270 = ORIENTED_EDGE ( 'NONE', *, *, #851, .F. ) ;
#1271 = DIRECTION ( 'NONE',  ( -0.000000000000000000, 1.000000000000000000, -0.000000000000000000 ) ) ;
#1272 = CARTESIAN_POINT ( 'NONE',  ( 0.000000000000000000, 2.085786437626905077, 0.000000000000000000 ) ) ;
#1273 = DIRECTION ( 'NONE',  ( 0.000000000000000000, 1.000000000000000000, 0.000000000000000000 ) ) ;
#1274 = EDGE_CURVE ( 'NONE', #129, #345, #1737, .T. ) ;
#1275 = DIRECTION ( 'NONE',  ( 0.000000000000000000, 0.000000000000000000, 1.000000000000000000 ) ) ;
#1276 = ORIENTED_EDGE ( 'NONE', *, *, #1666, .F. ) ;
#1277 = DIRECTION ( 'NONE',  ( -0.000000000000000000, -1.000000000000000000, -0.000000000000000000 ) ) ;
#1278 = FACE_OUTER_BOUND ( 'NONE', #3, .T. ) ;
#1279 = FACE_OUTER_BOUND ( 'NONE', #1628, .T. ) ;
#1280 = FACE_OUTER_BOUND ( 'NONE', #737, .T. ) ;
#1281 = EDGE_CURVE ( 'NONE', #1686, #38, #1131, .T. ) ;
#1282 = CIRCLE ( 'NONE', #110, 6.600000000000000533 ) ;
#1283 = AXIS2_PLACEMENT_3D ( 'NONE', #1421, #389, #545 ) ;
#1284 = AXIS2_PLACEMENT_3D ( 'NONE', #1250, #1660, #1716 ) ;
#1285 = ORIENTED_EDGE ( 'NONE', *, *, #1798, .F. ) ;
#1286 = AXIS2_PLACEMENT_3D ( 'NONE', #1734, #1596, #1174 ) ;
#1287 = CARTESIAN_POINT ( 'NONE',  ( 4.898587196589412829E-16, 5.000000000000000000, 4.000000000000000000 ) ) ;
#1288 = ADVANCED_BREP_SHAPE_REPRESENTATION ( '', ( #34, #448 ), #1542 ) ;
#1289 = VECTOR ( 'NONE', #1186, 1000.000000000000000 ) ;
#1290 =( REPRESENTATION_RELATIONSHIP ('NONE','NONE', #583, #395 ) REPRESENTATION_RELATIONSHIP_WITH_TRANSFORMATION ( #229 )SHAPE_REPRESENTATION_RELATIONSHIP( ) );
#1291 = DIRECTION ( 'NONE',  ( 0.000000000000000000, 1.000000000000000000, 0.000000000000000000 ) ) ;
#1292 = CARTESIAN_POINT ( 'NONE',  ( 0.000000000000000000, 5.000000000000000000, 0.000000000000000000 ) ) ;
#1293 = DIRECTION ( 'NONE',  ( 1.224646799147353207E-16, 0.000000000000000000, -1.000000000000000000 ) ) ;
#1294 = EDGE_LOOP ( 'NONE', ( #161, #1796, #1303, #368 ) ) ;
#1295 = CARTESIAN_POINT ( 'NONE',  ( 0.000000000000000000, 0.2000000000000000111, 0.000000000000000000 ) ) ;
#1296 = PRODUCT_DEFINITION ( 'UNKNOWN', '', #629, #772 ) ;
#1297 = ORIENTED_EDGE ( 'NONE', *, *, #8, .T. ) ;
#1298 = CARTESIAN_POINT ( 'NONE',  ( 0.000000000000000000, 5.000000000000000000, 0.000000000000000000 ) ) ;
#1299 =( NAMED_UNIT ( * ) PLANE_ANGLE_UNIT ( ) SI_UNIT ( $, .RADIAN. ) );
#1300 = ORIENTED_EDGE ( 'NONE', *, *, #223, .F. ) ;
#1301 = DIRECTION ( 'NONE',  ( -0.000000000000000000, 1.000000000000000000, -0.000000000000000000 ) ) ;
#1302 = MANIFOLD_SOLID_BREP ( 'Radyus1', #1751 ) ;
#1303 = ORIENTED_EDGE ( 'NONE', *, *, #1334, .F. ) ;
#1304 = DIRECTION ( 'NONE',  ( 0.000000000000000000, 1.000000000000000000, 0.000000000000000000 ) ) ;
#1305 = VERTEX_POINT ( 'NONE', #1332 ) ;
#1306 = FACE_OUTER_BOUND ( 'NONE', #184, .T. ) ;
#1307 = CARTESIAN_POINT ( 'NONE',  ( 0.000000000000000000, 0.000000000000000000, 7.099999999999999645 ) ) ;
#1308 = ADVANCED_FACE ( 'NONE', ( #577 ), #711, .T. ) ;
#1309 = ORIENTED_EDGE ( 'NONE', *, *, #320, .T. ) ;
#1310 = DIRECTION ( 'NONE',  ( 0.000000000000000000, 0.000000000000000000, 1.000000000000000000 ) ) ;
#1311 = DIRECTION ( 'NONE',  ( 0.000000000000000000, 1.000000000000000000, 0.000000000000000000 ) ) ;
#1312 = VECTOR ( 'NONE', #1301, 1000.000000000000000 ) ;
#1313 = VERTEX_POINT ( 'NONE', #732 ) ;
#1314 =( NAMED_UNIT ( * ) SI_UNIT ( $, .STERADIAN. ) SOLID_ANGLE_UNIT ( ) );
#1315 = CIRCLE ( 'NONE', #744, 8.799999999999998934 ) ;
#1316 = AXIS2_PLACEMENT_3D ( 'NONE', #1176, #731, #1155 ) ;
#1317 = CIRCLE ( 'NONE', #475, 4.849999999999999645 ) ;
#1318 = ORIENTED_EDGE ( 'NONE', *, *, #223, .T. ) ;
#1319 = CARTESIAN_POINT ( 'NONE',  ( 0.000000000000000000, 0.000000000000000000, 0.000000000000000000 ) ) ;
#1320 = TOROIDAL_SURFACE ( 'NONE', #896, 7.299999999999998934, 0.2000000000000000111 ) ;
#1321 = CARTESIAN_POINT ( 'NONE',  ( 7.212206538655392242E-16, 4.000000000000000000, 5.889213562373095456 ) ) ;
#1322 = AXIS2_PLACEMENT_3D ( 'NONE', #10, #902, #1022 ) ;
#1323 = PRODUCT_DEFINITION_SHAPE ( 'NONE', 'NONE',  #1869 ) ;
#1324 = ORIENTED_EDGE ( 'NONE', *, *, #1666, .T. ) ;
#1325 = EDGE_CURVE ( 'NONE', #651, #702, #1315, .T. ) ;
#1326 = CARTESIAN_POINT ( 'NONE',  ( 0.000000000000000000, 0.000000000000000000, 0.000000000000000000 ) ) ;
#1327 = EDGE_CURVE ( 'NONE', #953, #1623, #1778, .T. ) ;
#1328 = CARTESIAN_POINT ( 'NONE',  ( 0.000000000000000000, 1.100000000000000311, 0.000000000000000000 ) ) ;
#1329 = ORIENTED_EDGE ( 'NONE', *, *, #1460, .T. ) ;
#1330 = ORIENTED_EDGE ( 'NONE', *, *, #14, .F. ) ;
#1331 = CARTESIAN_POINT ( 'NONE',  ( 0.000000000000000000, 4.800000000000000711, 8.000000000000000000 ) ) ;
#1332 = CARTESIAN_POINT ( 'NONE',  ( 0.000000000000000000, 4.800000000000000711, 4.849999999999999645 ) ) ;
#1333 = ORIENTED_EDGE ( 'NONE', *, *, #605, .F. ) ;
#1334 = EDGE_CURVE ( 'NONE', #145, #1199, #624, .T. ) ;
#1335 = ORIENTED_EDGE ( 'NONE', *, *, #1094, .T. ) ;
#1336 = DIRECTION ( 'NONE',  ( 1.000000000000000000, 0.000000000000000000, 0.000000000000000000 ) ) ;
#1337 = PRODUCT_DEFINITION_SHAPE ( 'NONE', 'NONE',  #1868 ) ;
#1338 = CARTESIAN_POINT ( 'NONE',  ( 0.000000000000000000, 5.000000000000000000, 0.000000000000000000 ) ) ;
#1339 = DIRECTION ( 'NONE',  ( 0.000000000000000000, 1.000000000000000000, 0.000000000000000000 ) ) ;
#1340 = EDGE_LOOP ( 'NONE', ( #221, #491, #1169, #1002 ) ) ;
#1341 = CARTESIAN_POINT ( 'NONE',  ( 1.102182119232617714E-15, 0.9000000000000005773, 9.000000000000000000 ) ) ;
#1342 = FACE_OUTER_BOUND ( 'NONE', #1535, .T. ) ;
#1343 = EDGE_CURVE ( 'NONE', #589, #922, #861, .T. ) ;
#1344 = ORIENTED_EDGE ( 'NONE', *, *, #1612, .T. ) ;
#1345 = CARTESIAN_POINT ( 'NONE',  ( 0.3208813841333911787, 2.499999999999973799, 5.966377471910124797 ) ) ;
#1346 = AXIS2_PLACEMENT_3D ( 'NONE', #1565, #726, #255 ) ;
#1347 = ADVANCED_FACE ( 'NONE', ( #1196 ), #1107, .T. ) ;
#1348 = DIRECTION ( 'NONE',  ( -0.000000000000000000, -1.000000000000000000, -0.000000000000000000 ) ) ;
#1349 = AXIS2_PLACEMENT_3D ( 'NONE', #636, #1209, #494 ) ;
#1350 = CARTESIAN_POINT ( 'NONE',  ( 0.000000000000000000, 4.000000000000000000, -5.349999999999999645 ) ) ;
#1351 = CIRCLE ( 'NONE', #1541, 8.799999999999998934 ) ;
#1352 = AXIS2_PLACEMENT_3D ( 'NONE', #1298, #179, #13 ) ;
#1353 = EDGE_LOOP ( 'NONE', ( #648, #43 ) ) ;
#1354 = FACE_OUTER_BOUND ( 'NONE', #1123, .T. ) ;
#1355 = VECTOR ( 'NONE', #526, 1000.000000000000000 ) ;
#1356 = DIRECTION ( 'NONE',  ( 0.000000000000000000, -0.000000000000000000, 1.000000000000000000 ) ) ;
#1357 = ORIENTED_EDGE ( 'NONE', *, *, #1325, .T. ) ;
#1358 = PLANE ( 'NONE',  #1723 ) ;
#1359 = ADVANCED_FACE ( 'NONE', ( #1187 ), #446, .F. ) ;
#1360 = PRODUCT_RELATED_PRODUCT_CATEGORY ( 'part', '', ( #269 ) ) ;
#1361 = ORIENTED_EDGE ( 'NONE', *, *, #1690, .F. ) ;
#1362 = CARTESIAN_POINT ( 'NONE',  ( 6.551860375438339695E-16, 4.000000000000000000, 5.349999999999999645 ) ) ;
#1363 = SURFACE_SIDE_STYLE ('',( #213 ) ) ;
#1364 = APPLICATION_PROTOCOL_DEFINITION ( 'draft international standard', 'automotive_design', 1998, #1529 ) ;
#1365 = ORIENTED_EDGE ( 'NONE', *, *, #517, .T. ) ;
#1366 =( NAMED_UNIT ( * ) PLANE_ANGLE_UNIT ( ) SI_UNIT ( $, .RADIAN. ) );
#1367 = FACE_OUTER_BOUND ( 'NONE', #1588, .T. ) ;
#1368 = ADVANCED_FACE ( 'NONE', ( #1045 ), #1261, .T. ) ;
#1369 = EDGE_LOOP ( 'NONE', ( #1357, #597 ) ) ;
#1370 = DIRECTION ( 'NONE',  ( 8.659560562354921765E-17, 0.7071067811865486830, -0.7071067811865464625 ) ) ;
#1371 = DIRECTION ( 'NONE',  ( 1.000000000000000000, -0.000000000000000000, 1.224646799147353207E-16 ) ) ;
#1372 = ITEM_DEFINED_TRANSFORMATION ( 'NONE', 'NONE', #750,  #448 ) ;
#1373 = VERTEX_POINT ( 'NONE', #302 ) ;
#1374 = DIRECTION ( 'NONE',  ( 0.000000000000000000, 1.000000000000000000, 0.000000000000000000 ) ) ;
#1375 = CARTESIAN_POINT ( 'NONE',  ( 6.551860375438339695E-16, 1.000000000000000000, 5.349999999999999645 ) ) ;
#1376 = ORIENTED_EDGE ( 'NONE', *, *, #605, .T. ) ;
#1377 = CIRCLE ( 'NONE', #1407, 5.349999999999999645 ) ;
#1378 = DIRECTION ( 'NONE',  ( 0.000000000000000000, 1.000000000000000000, 0.000000000000000000 ) ) ;
#1379 = AXIS2_PLACEMENT_3D ( 'NONE', #408, #978, #547 ) ;
#1380 = AXIS2_PLACEMENT_3D ( 'NONE', #426, #1423, #278 ) ;
#1381 = AXIS2_PLACEMENT_3D ( 'NONE', #710, #1271, #271 ) ;
#1382 = DIRECTION ( 'NONE',  ( -0.000000000000000000, -1.000000000000000000, -0.000000000000000000 ) ) ;
#1383 = AXIS2_PLACEMENT_3D ( 'NONE', #1732, #998, #852 ) ;
#1384 = AXIS2_PLACEMENT_3D ( 'NONE', #1090, #362, #911 ) ;
#1385 = EDGE_CURVE ( 'NONE', #1199, #635, #452, .T. ) ;
#1386 = ORIENTED_EDGE ( 'NONE', *, *, #370, .T. ) ;
#1387 = CARTESIAN_POINT ( 'NONE',  ( 3.766547180541298445, 2.499999999999973799, 4.638291424302316557 ) ) ;
#1388 = CARTESIAN_POINT ( 'NONE',  ( 0.000000000000000000, 1.000000000000000000, 0.000000000000000000 ) ) ;
#1389 = PRESENTATION_STYLE_ASSIGNMENT (( #1497 ) ) ;
#1390 = FACE_OUTER_BOUND ( 'NONE', #1089, .T. ) ;
#1391 = DIRECTION ( 'NONE',  ( 0.000000000000000000, 0.000000000000000000, -1.000000000000000000 ) ) ;
#1392 = SHAPE_DEFINITION_REPRESENTATION ( #1083, #602 ) ;
#1393 = EDGE_CURVE ( 'NONE', #1193, #12, #957, .T. ) ;
#1394 = EDGE_LOOP ( 'NONE', ( #910, #961, #242, #498 ) ) ;
#1395 = DIRECTION ( 'NONE',  ( -0.000000000000000000, -1.000000000000000000, -0.000000000000000000 ) ) ;
#1396 = DIRECTION ( 'NONE',  ( 0.000000000000000000, 0.000000000000000000, 1.000000000000000000 ) ) ;
#1397 = DIRECTION ( 'NONE',  ( 0.000000000000000000, 0.000000000000000000, 1.000000000000000000 ) ) ;
#1398 = SURFACE_STYLE_USAGE ( .BOTH. , #1363 ) ;
#1399 = PRODUCT_CONTEXT ( 'NONE', #1529, 'mechanical' ) ;
#1400 = EDGE_CURVE ( 'NONE', #903, #1018, #1317, .T. ) ;
#1401 = ORIENTED_EDGE ( 'NONE', *, *, #136, .F. ) ;
#1402 = VERTEX_POINT ( 'NONE', #483 ) ;
#1403 = DIRECTION ( 'NONE',  ( 0.000000000000000000, 0.000000000000000000, 1.000000000000000000 ) ) ;
#1404 = ADVANCED_FACE ( 'NONE', ( #1609 ), #1600, .T. ) ;
#1405 = CARTESIAN_POINT ( 'NONE',  ( 0.000000000000000000, 0.1999999999999996503, -9.000000000000000000 ) ) ;
#1406 = FACE_OUTER_BOUND ( 'NONE', #1181, .T. ) ;
#1407 = AXIS2_PLACEMENT_3D ( 'NONE', #908, #623, #1158 ) ;
#1408 = DIRECTION ( 'NONE',  ( 0.000000000000000000, 0.000000000000000000, 1.000000000000000000 ) ) ;
#1409 = VECTOR ( 'NONE', #318, 1000.000000000000000 ) ;
#1410 = STYLED_ITEM ( 'NONE', ( #1389 ), #34 ) ;
#1411 = AXIS2_PLACEMENT_3D ( 'NONE', #62, #1205, #650 ) ;
#1412 = CIRCLE ( 'NONE', #1383, 6.600000000000000533 ) ;
#1413 = PRODUCT_DEFINITION_FORMATION_WITH_SPECIFIED_SOURCE ( 'ANY', '', #1231, .NOT_KNOWN. ) ;
#1414 = VERTEX_POINT ( 'NONE', #1056 ) ;
#1415 = DIRECTION ( 'NONE',  ( 0.000000000000000000, 0.000000000000000000, 1.000000000000000000 ) ) ;
#1416 = CARTESIAN_POINT ( 'NONE',  ( 5.143516556418882928E-16, 0.1999999999999996503, -4.200000000000000178 ) ) ;
#1417 = DIRECTION ( 'NONE',  ( -1.000000000000000000, 0.000000000000000000, 0.000000000000000000 ) ) ;
#1418 = PRODUCT_DEFINITION_SHAPE ( 'NONE', 'NONE',  #1842 ) ;
#1419 = CARTESIAN_POINT ( 'NONE',  ( 1.077689183249670605E-15, 0.1999999999999996503, -8.799999999999998934 ) ) ;
#1420 = ORIENTED_EDGE ( 'NONE', *, *, #595, .T. ) ;
#1421 = CARTESIAN_POINT ( 'NONE',  ( 0.000000000000000000, 1.000000000000000000, 0.000000000000000000 ) ) ;
#1422 =( REPRESENTATION_RELATIONSHIP ('NONE','NONE', #583, #395 ) REPRESENTATION_RELATIONSHIP_WITH_TRANSFORMATION ( #1827 )SHAPE_REPRESENTATION_RELATIONSHIP( ) );
#1423 = DIRECTION ( 'NONE',  ( 0.000000000000000000, 1.000000000000000000, 0.000000000000000000 ) ) ;
#1424 =( LENGTH_UNIT ( ) NAMED_UNIT ( * ) SI_UNIT ( .MILLI., .METRE. ) );
#1425 = EDGE_CURVE ( 'NONE', #1264, #599, #1463, .T. ) ;
#1426 = DIRECTION ( 'NONE',  ( 0.000000000000000000, 1.000000000000000000, 0.000000000000000000 ) ) ;
#1427 = EDGE_CURVE ( 'NONE', #953, #1414, #286, .T. ) ;
#1428 = ORIENTED_EDGE ( 'NONE', *, *, #842, .T. ) ;
#1429 = DIRECTION ( 'NONE',  ( 1.000000000000000000, -0.000000000000000000, 1.224646799147353207E-16 ) ) ;
#1430 = DIRECTION ( 'NONE',  ( 0.000000000000000000, 0.000000000000000000, 1.000000000000000000 ) ) ;
#1431 = DIRECTION ( 'NONE',  ( -0.000000000000000000, -1.000000000000000000, -0.000000000000000000 ) ) ;
#1432 = DIRECTION ( 'NONE',  ( -0.000000000000000000, 1.000000000000000000, -0.000000000000000000 ) ) ;
#1433 = AXIS2_PLACEMENT_3D ( 'NONE', #1581, #281, #1739 ) ;
#1434 = CIRCLE ( 'NONE', #1720, 5.349999999999999645 ) ;
#1435 = CARTESIAN_POINT ( 'NONE',  ( 0.000000000000000000, 4.000000000000000000, 0.000000000000000000 ) ) ;
#1436 = CIRCLE ( 'NONE', #54, 0.1999999999999996503 ) ;
#1437 = CIRCLE ( 'NONE', #1078, 4.974999999999998757 ) ;
#1438 = AXIS2_PLACEMENT_3D ( 'NONE', #1467, #736, #751 ) ;
#1439 = ORIENTED_EDGE ( 'NONE', *, *, #250, .F. ) ;
#1440 = AXIS2_PLACEMENT_3D ( 'NONE', #506, #682, #383 ) ;
#1441 = SPHERICAL_SURFACE ( 'NONE', #1845, 1.000000000000000888 ) ;
#1442 = TOROIDAL_SURFACE ( 'NONE', #628, 4.200000000000000178, 0.2000000000000000111 ) ;
#1443 = VECTOR ( 'NONE', #393, 1000.000000000000000 ) ;
#1444 = ORIENTED_EDGE ( 'NONE', *, *, #1829, .F. ) ;
#1445 = LINE ( 'NONE', #881, #1260 ) ;
#1446 = DIRECTION ( 'NONE',  ( 0.000000000000000000, 0.000000000000000000, 1.000000000000000000 ) ) ;
#1447 = VERTEX_POINT ( 'NONE', #1375 ) ;
#1448 = DIRECTION ( 'NONE',  ( 0.000000000000000000, 0.000000000000000000, -1.000000000000000000 ) ) ;
#1449 = ORIENTED_EDGE ( 'NONE', *, *, #1635, .F. ) ;
#1450 = CARTESIAN_POINT ( 'NONE',  ( 1.102182119232617714E-15, 0.1999999999999996503, 9.000000000000000000 ) ) ;
#1451 = EDGE_CURVE ( 'NONE', #1018, #903, #1509, .T. ) ;
#1452 = ORIENTED_EDGE ( 'NONE', *, *, #891, .T. ) ;
#1453 = CARTESIAN_POINT ( 'NONE',  ( 0.000000000000000000, 0.1999999999999996503, 8.799999999999998934 ) ) ;
#1454 = CARTESIAN_POINT ( 'NONE',  ( 0.000000000000000000, 4.800000000000000711, 0.000000000000000000 ) ) ;
#1455 = ORIENTED_EDGE ( 'NONE', *, *, #542, .T. ) ;
#1456 = DIRECTION ( 'NONE',  ( -0.000000000000000000, -1.000000000000000000, -0.000000000000000000 ) ) ;
#1457 = FACE_BOUND ( 'NONE', #519, .T. ) ;
#1458 = ORIENTED_EDGE ( 'NONE', *, *, #634, .T. ) ;
#1459 = CARTESIAN_POINT ( 'NONE',  ( 0.000000000000000000, 0.000000000000000000, 0.000000000000000000 ) ) ;
#1460 = EDGE_CURVE ( 'NONE', #635, #384, #1815, .T. ) ;
#1461 = ORIENTED_EDGE ( 'NONE', *, *, #1254, .T. ) ;
#1462 = CARTESIAN_POINT ( 'NONE',  ( 0.000000000000000000, 3.289213562373093591, 0.000000000000000000 ) ) ;
#1463 = LINE ( 'NONE', #1321, #1052 ) ;
#1464 = ADVANCED_FACE ( 'NONE', ( #78 ), #809, .T. ) ;
#1465 = ORIENTED_EDGE ( 'NONE', *, *, #248, .F. ) ;
#1466 = CARTESIAN_POINT ( 'NONE',  ( 0.000000000000000000, 2.914213562373094035, 4.975000000000000533 ) ) ;
#1467 = CARTESIAN_POINT ( 'NONE',  ( 0.000000000000000000, 0.000000000000000000, 0.000000000000000000 ) ) ;
#1468 = AXIS2_PLACEMENT_3D ( 'NONE', #94, #1826, #1391 ) ;
#1469 = EDGE_LOOP ( 'NONE', ( #1095, #215, #444, #1762 ) ) ;
#1470 = DIRECTION ( 'NONE',  ( 0.000000000000000000, 1.000000000000000000, 0.000000000000000000 ) ) ;
#1471 = AXIS2_PLACEMENT_3D ( 'NONE', #964, #246, #63 ) ;
#1472 = AXIS2_PLACEMENT_3D ( 'NONE', #723, #285, #33 ) ;
#1473 = AXIS2_PLACEMENT_3D ( 'NONE', #400, #550, #423 ) ;
#1474 = ORIENTED_EDGE ( 'NONE', *, *, #851, .T. ) ;
#1475 = LINE ( 'NONE', #610, #1782 ) ;
#1476 = CIRCLE ( 'NONE', #1753, 4.849999999999999645 ) ;
#1477 = ADVANCED_FACE ( 'NONE', ( #921 ), #99, .F. ) ;
#1478 = CARTESIAN_POINT ( 'NONE',  ( 0.000000000000000000, 5.000000000000000000, 0.000000000000000000 ) ) ;
#1479 = AXIS2_PLACEMENT_3D ( 'NONE', #808, #194, #67 ) ;
#1480 = ORIENTED_EDGE ( 'NONE', *, *, #1029, .T. ) ;
#1481 = PRODUCT_DEFINITION_CONTEXT ( 'detailed design', #1234, 'design' ) ;
#1482 = DIRECTION ( 'NONE',  ( -0.000000000000000000, -1.000000000000000000, -0.000000000000000000 ) ) ;
#1483 = CARTESIAN_POINT ( 'NONE',  ( 0.000000000000000000, 1.000000000000000000, 0.000000000000000000 ) ) ;
#1484 = ORIENTED_EDGE ( 'NONE', *, *, #1325, .F. ) ;
#1485 = CARTESIAN_POINT ( 'NONE',  ( 0.000000000000000000, 4.000000000000000000, 0.000000000000000000 ) ) ;
#1486 = ORIENTED_EDGE ( 'NONE', *, *, #1772, .F. ) ;
#1487 = CARTESIAN_POINT ( 'NONE',  ( 0.000000000000000000, 1.710786437626904632, -5.349999999999999645 ) ) ;
#1488 = CARTESIAN_POINT ( 'NONE',  ( 0.000000000000000000, 1.000000000000000000, 0.000000000000000000 ) ) ;
#1489 = ADVANCED_FACE ( 'NONE', ( #1823 ), #748, .T. ) ;
#1490 = DIRECTION ( 'NONE',  ( 0.000000000000000000, 0.000000000000000000, 1.000000000000000000 ) ) ;
#1491 = EDGE_CURVE ( 'NONE', #80, #1828, #534, .T. ) ;
#1492 = CYLINDRICAL_SURFACE ( 'NONE', #1108, 6.974999999999998757 ) ;
#1493 = ORIENTED_EDGE ( 'NONE', *, *, #1604, .T. ) ;
#1494 = DIRECTION ( 'NONE',  ( -0.4497534804852971746, 0.2320986990747666012, 0.8624685505449821710 ) ) ;
#1495 = CARTESIAN_POINT ( 'NONE',  ( 0.000000000000000000, 1.000000000000000000, -6.600000000000000533 ) ) ;
#1496 = DIRECTION ( 'NONE',  ( 0.000000000000000000, 0.000000000000000000, 1.000000000000000000 ) ) ;
#1497 = SURFACE_STYLE_USAGE ( .BOTH. , #1824 ) ;
#1498 = DIRECTION ( 'NONE',  ( -0.000000000000000000, 1.000000000000000000, -0.000000000000000000 ) ) ;
#1499 = DIRECTION ( 'NONE',  ( 0.000000000000000000, 0.000000000000000000, -1.000000000000000000 ) ) ;
#1500 = EDGE_CURVE ( 'NONE', #32, #702, #1592, .T. ) ;
#1501 = PRODUCT_RELATED_PRODUCT_CATEGORY ( 'part', '', ( #1231 ) ) ;
#1502 = EDGE_LOOP ( 'NONE', ( #1784, #1526 ) ) ;
#1503 = SHAPE_REPRESENTATION_RELATIONSHIP ( 'NONE' , 'NONE' ,  #602, #1288 ) ;
#1504 = ORIENTED_EDGE ( 'NONE', *, *, #1491, .F. ) ;
#1505 = FACE_BOUND ( 'NONE', #1746, .T. ) ;
#1506 = AXIS2_PLACEMENT_3D ( 'NONE', #1710, #1851, #427 ) ;
#1507 = DIRECTION ( 'NONE',  ( 0.000000000000000000, 0.000000000000000000, 1.000000000000000000 ) ) ;
#1508 = AXIS2_PLACEMENT_3D ( 'NONE', #1065, #671, #501 ) ;
#1509 = CIRCLE ( 'NONE', #687, 4.849999999999999645 ) ;
#1510 = CIRCLE ( 'NONE', #1016, 6.600000000000000533 ) ;
#1511 = ORIENTED_EDGE ( 'NONE', *, *, #1130, .F. ) ;
#1512 = FACE_OUTER_BOUND ( 'NONE', #1152, .T. ) ;
#1513 = CIRCLE ( 'NONE', #391, 0.1999999999999996503 ) ;
#1514 = CARTESIAN_POINT ( 'NONE',  ( 0.000000000000000000, 4.800000000000000711, 0.000000000000000000 ) ) ;
#1515 = PRODUCT_DEFINITION_SHAPE ( 'NONE', 'NONE',  #1865 ) ;
#1516 = ORIENTED_EDGE ( 'NONE', *, *, #1425, .F. ) ;
#1517 = DIRECTION ( 'NONE',  ( -0.8708045035682929758, 0.2320986990747666012, 0.4333932515083499526 ) ) ;
#1518 = DIRECTION ( 'NONE',  ( 0.000000000000000000, 1.000000000000000000, 0.000000000000000000 ) ) ;
#1519 = ORIENTED_EDGE ( 'NONE', *, *, #994, .F. ) ;
#1520 = CYLINDRICAL_SURFACE ( 'NONE', #53, 4.974999999999999645 ) ;
#1521 = DIRECTION ( 'NONE',  ( -0.000000000000000000, -1.000000000000000000, -0.000000000000000000 ) ) ;
#1522 = PRODUCT_CONTEXT ( 'NONE', #708, 'mechanical' ) ;
#1523 = EDGE_LOOP ( 'NONE', ( #75, #1511, #1461, #1021 ) ) ;
#1524 = DIRECTION ( 'NONE',  ( 0.000000000000000000, 0.000000000000000000, 1.000000000000000000 ) ) ;
#1525 = CARTESIAN_POINT ( 'NONE',  ( 0.000000000000000000, 4.000000000000000000, 0.000000000000000000 ) ) ;
#1526 = ORIENTED_EDGE ( 'NONE', *, *, #1553, .T. ) ;
#1527 = DIRECTION ( 'NONE',  ( 0.000000000000000000, 0.000000000000000000, 1.000000000000000000 ) ) ;
#1528 = ORIENTED_EDGE ( 'NONE', *, *, #320, .F. ) ;
#1529 = APPLICATION_CONTEXT ( 'automotive_design' ) ;
#1530 = DIRECTION ( 'NONE',  ( -0.000000000000000000, 1.000000000000000000, -0.000000000000000000 ) ) ;
#1531 = EDGE_CURVE ( 'NONE', #55, #145, #172, .T. ) ;
#1532 = DIRECTION ( 'NONE',  ( 0.000000000000000000, 0.000000000000000000, 1.000000000000000000 ) ) ;
#1533 = CONTEXT_DEPENDENT_SHAPE_REPRESENTATION ( #1582, #421 ) ;
#1534 = VERTEX_POINT ( 'NONE', #1667 ) ;
#1535 = EDGE_LOOP ( 'NONE', ( #1449, #1023 ) ) ;
#1536 = FACE_OUTER_BOUND ( 'NONE', #178, .T. ) ;
#1537 = EDGE_CURVE ( 'NONE', #12, #1193, #778, .T. ) ;
#1538 = CONICAL_SURFACE ( 'NONE', #712, 5.560786437626903833, 0.7853981633974481680 ) ;
#1539 = CARTESIAN_POINT ( 'NONE',  ( 0.000000000000000000, 0.2000000000000000111, 4.649999999999999467 ) ) ;
#1540 = AXIS2_PLACEMENT_3D ( 'NONE', #500, #1640, #642 ) ;
#1541 = AXIS2_PLACEMENT_3D ( 'NONE', #1125, #840, #1266 ) ;
#1542 =( GEOMETRIC_REPRESENTATION_CONTEXT ( 3 ) GLOBAL_UNCERTAINTY_ASSIGNED_CONTEXT ( ( #1789 ) ) GLOBAL_UNIT_ASSIGNED_CONTEXT ( ( #56, #1366, #919 ) ) REPRESENTATION_CONTEXT ( 'NONE', 'WORKASPACE' ) );
#1543 = DIRECTION ( 'NONE',  ( 0.000000000000000000, 1.000000000000000000, 0.000000000000000000 ) ) ;
#1544 = DIRECTION ( 'NONE',  ( 0.000000000000000000, 0.000000000000000000, -1.000000000000000000 ) ) ;
#1545 = PRODUCT_CONTEXT ( 'NONE', #1192, 'mechanical' ) ;
#1546 = EDGE_LOOP ( 'NONE', ( #1516, #1062, #1309, #1240 ) ) ;
#1547 = ORIENTED_EDGE ( 'NONE', *, *, #37, .F. ) ;
#1548 = CARTESIAN_POINT ( 'NONE',  ( 5.939536975864661982E-16, 0.2000000000000000111, -4.849999999999999645 ) ) ;
#1549 = DIRECTION ( 'NONE',  ( 0.000000000000000000, 1.000000000000000000, 0.000000000000000000 ) ) ;
#1550 = EDGE_CURVE ( 'NONE', #1057, #243, #670, .T. ) ;
#1551 = CARTESIAN_POINT ( 'NONE',  ( 8.939921633775676859E-16, 0.2000000000000000111, -7.299999999999998934 ) ) ;
#1552 = CARTESIAN_POINT ( 'NONE',  ( 0.000000000000000000, 2.085786437626905965, 0.000000000000000000 ) ) ;
#1553 = EDGE_CURVE ( 'NONE', #1788, #1761, #857, .T. ) ;
#1554 = ITEM_DEFINED_TRANSFORMATION ( 'NONE', 'NONE', #716,  #448 ) ;
#1555 = EDGE_CURVE ( 'NONE', #32, #888, #1657, .T. ) ;
#1556 = EDGE_LOOP ( 'NONE', ( #906, #522, #872, #830 ) ) ;
#1557 = LINE ( 'NONE', #817, #1134 ) ;
#1558 = CYLINDRICAL_SURFACE ( 'NONE', #360, 9.000000000000000000 ) ;
#1559 = DIRECTION ( 'NONE',  ( 0.000000000000000000, 0.000000000000000000, -1.000000000000000000 ) ) ;
#1560 = DIRECTION ( 'NONE',  ( 0.000000000000000000, 0.000000000000000000, 1.000000000000000000 ) ) ;
#1561 = VERTEX_POINT ( 'NONE', #1074 ) ;
#1562 = DIRECTION ( 'NONE',  ( -0.000000000000000000, -1.000000000000000000, -0.000000000000000000 ) ) ;
#1563 = DIRECTION ( 'NONE',  ( -0.000000000000000000, -1.000000000000000000, -0.000000000000000000 ) ) ;
#1564 = AXIS2_PLACEMENT_3D ( 'NONE', #843, #1426, #1589 ) ;
#1565 = CARTESIAN_POINT ( 'NONE',  ( 0.000000000000000000, 4.800000000000000711, 0.000000000000000000 ) ) ;
#1566 = TOROIDAL_SURFACE ( 'NONE', #1590, 8.799999999999998934, 0.2000000000000000111 ) ;
#1567 = CIRCLE ( 'NONE', #958, 6.974999999999998757 ) ;
#1568 = VECTOR ( 'NONE', #365, 1000.000000000000000 ) ;
#1569 = AXIS2_PLACEMENT_3D ( 'NONE', #170, #900, #305 ) ;
#1570 =( GEOMETRIC_REPRESENTATION_CONTEXT ( 3 ) GLOBAL_UNCERTAINTY_ASSIGNED_CONTEXT ( ( #189 ) ) GLOBAL_UNIT_ASSIGNED_CONTEXT ( ( #1063, #1645, #1238 ) ) REPRESENTATION_CONTEXT ( 'NONE', 'WORKASPACE' ) );
#1571 = ORIENTED_EDGE ( 'NONE', *, *, #666, .F. ) ;
#1572 = ORIENTED_EDGE ( 'NONE', *, *, #1427, .F. ) ;
#1573 = CYLINDRICAL_SURFACE ( 'NONE', #1381, 8.000000000000000000 ) ;
#1574 = ADVANCED_FACE ( 'NONE', ( #1367 ), #1843, .T. ) ;
#1575 = CARTESIAN_POINT ( 'NONE',  ( 0.000000000000000000, 5.000000000000000000, 0.000000000000000000 ) ) ;
#1576 = CARTESIAN_POINT ( 'NONE',  ( 0.000000000000000000, 1.500000000000000222, 0.000000000000000000 ) ) ;
#1577 = ORIENTED_EDGE ( 'NONE', *, *, #405, .F. ) ;
#1578 = CARTESIAN_POINT ( 'NONE',  ( 0.000000000000000000, 4.000000000000000000, 0.000000000000000000 ) ) ;
#1579 = CARTESIAN_POINT ( 'NONE',  ( 0.000000000000000000, 0.000000000000000000, 0.000000000000000000 ) ) ;
#1580 = CARTESIAN_POINT ( 'NONE',  ( 0.000000000000000000, 0.9000000000000005773, 8.799999999999998934 ) ) ;
#1581 = CARTESIAN_POINT ( 'NONE',  ( 0.000000000000000000, 5.000000000000000000, 0.000000000000000000 ) ) ;
#1582 =( REPRESENTATION_RELATIONSHIP ('NONE','NONE', #583, #602 ) REPRESENTATION_RELATIONSHIP_WITH_TRANSFORMATION ( #1372 )SHAPE_REPRESENTATION_RELATIONSHIP( ) );
#1583 = EDGE_LOOP ( 'NONE', ( #116, #567, #1585, #1504 ) ) ;
#1584 = FACE_BOUND ( 'NONE', #157, .T. ) ;
#1585 = ORIENTED_EDGE ( 'NONE', *, *, #248, .T. ) ;
#1586 = LINE ( 'NONE', #859, #1289 ) ;
#1587 = CARTESIAN_POINT ( 'NONE',  ( 0.000000000000000000, 3.289213562373094479, 0.000000000000000000 ) ) ;
#1588 = EDGE_LOOP ( 'NONE', ( #901, #335, #782, #1157 ) ) ;
#1589 = DIRECTION ( 'NONE',  ( 0.000000000000000000, 0.000000000000000000, 1.000000000000000000 ) ) ;
#1590 = AXIS2_PLACEMENT_3D ( 'NONE', #715, #705, #841 ) ;
#1591 = AXIS2_PLACEMENT_3D ( 'NONE', #1579, #1702, #1102 ) ;
#1592 = CIRCLE ( 'NONE', #1411, 0.2000000000000005107 ) ;
#1593 = CIRCLE ( 'NONE', #987, 1.000000000000000888 ) ;
#1594 = EDGE_LOOP ( 'NONE', ( #204, #669, #1547, #77 ) ) ;
#1595 = CIRCLE ( 'NONE', #93, 4.849999999999999645 ) ;
#1596 = DIRECTION ( 'NONE',  ( 0.000000000000000000, 1.000000000000000000, 0.000000000000000000 ) ) ;
#1597 = CIRCLE ( 'NONE', #1697, 4.974999999999998757 ) ;
#1598 = EDGE_LOOP ( 'NONE', ( #1577, #1792 ) ) ;
#1599 = DIRECTION ( 'NONE',  ( 0.000000000000000000, 0.000000000000000000, 1.000000000000000000 ) ) ;
#1600 = SPHERICAL_SURFACE ( 'NONE', #713, 1.000000000000000888 ) ;
#1601 = ORIENTED_EDGE ( 'NONE', *, *, #349, .T. ) ;
#1602 = DIRECTION ( 'NONE',  ( 0.000000000000000000, -0.000000000000000000, 1.000000000000000000 ) ) ;
#1603 = DIRECTION ( 'NONE',  ( 0.000000000000000000, 1.000000000000000000, 0.000000000000000000 ) ) ;
#1604 = EDGE_CURVE ( 'NONE', #1373, #1264, #1647, .T. ) ;
#1605 = EDGE_CURVE ( 'NONE', #1313, #1447, #222, .T. ) ;
#1606 = ORIENTED_EDGE ( 'NONE', *, *, #595, .F. ) ;
#1607 = EDGE_LOOP ( 'NONE', ( #1758, #757, #430, #188 ) ) ;
#1608 = DIRECTION ( 'NONE',  ( 0.000000000000000000, 1.000000000000000000, 0.000000000000000000 ) ) ;
#1609 = FACE_OUTER_BOUND ( 'NONE', #647, .T. ) ;
#1610 = ORIENTED_EDGE ( 'NONE', *, *, #1091, .F. ) ;
#1611 = DIRECTION ( 'NONE',  ( 0.000000000000000000, 1.000000000000000000, 0.000000000000000000 ) ) ;
#1612 = EDGE_CURVE ( 'NONE', #1623, #129, #218, .T. ) ;
#1613 = ORIENTED_EDGE ( 'NONE', *, *, #674, .T. ) ;
#1614 = ORIENTED_EDGE ( 'NONE', *, *, #1500, .T. ) ;
#1615 = CARTESIAN_POINT ( 'NONE',  ( 9.797174393178825657E-16, 1.100000000000000311, -8.000000000000000000 ) ) ;
#1616 = DIRECTION ( 'NONE',  ( -0.000000000000000000, -1.000000000000000000, -0.000000000000000000 ) ) ;
#1617 = VERTEX_POINT ( 'NONE', #1350 ) ;
#1618 = CARTESIAN_POINT ( 'NONE',  ( 0.000000000000000000, 4.000000000000000000, 0.000000000000000000 ) ) ;
#1619 =( REPRESENTATION_RELATIONSHIP ('NONE','NONE', #583, #395 ) REPRESENTATION_RELATIONSHIP_WITH_TRANSFORMATION ( #1554 )SHAPE_REPRESENTATION_RELATIONSHIP( ) );
#1620 = DIRECTION ( 'NONE',  ( -0.000000000000000000, 1.000000000000000000, -0.000000000000000000 ) ) ;
#1621 = CIRCLE ( 'NONE', #359, 6.600000000000000533 ) ;
#1622 = AXIS2_PLACEMENT_3D ( 'NONE', #875, #1498, #1019 ) ;
#1623 = VERTEX_POINT ( 'NONE', #951 ) ;
#1624 = CARTESIAN_POINT ( 'NONE',  ( 0.000000000000000000, 5.000000000000000000, 0.000000000000000000 ) ) ;
#1625 = MECHANICAL_DESIGN_GEOMETRIC_PRESENTATION_REPRESENTATION (  '', ( #1750 ), #262 ) ;
#1626 = CIRCLE ( 'NONE', #139, 7.099999999999999645 ) ;
#1627 = AXIS2_PLACEMENT_3D ( 'NONE', #775, #1814, #1794 ) ;
#1628 = EDGE_LOOP ( 'NONE', ( #846, #123, #488, #572 ) ) ;
#1629 = PLANE ( 'NONE',  #1472 ) ;
#1630 = CONICAL_SURFACE ( 'NONE', #563, 4.975000000000000533, 0.7853981633974468357 ) ;
#1631 = CARTESIAN_POINT ( 'NONE',  ( 0.000000000000000000, 0.1999999999999996503, 0.000000000000000000 ) ) ;
#1632 = ADVANCED_FACE ( 'NONE', ( #1536 ), #1049, .T. ) ;
#1633 = UNCERTAINTY_MEASURE_WITH_UNIT (LENGTH_MEASURE( 1.000000000000000082E-05 ), #1424, 'distance_accuracy_value', 'NONE');
#1634 = DIRECTION ( 'NONE',  ( 0.000000000000000000, 0.000000000000000000, -1.000000000000000000 ) ) ;
#1635 = EDGE_CURVE ( 'NONE', #1740, #1447, #418, .T. ) ;
#1636 = CYLINDRICAL_SURFACE ( 'NONE', #114, 7.099999999999999645 ) ;
#1637 = EDGE_LOOP ( 'NONE', ( #1644, #879, #1519, #303 ) ) ;
#1638 = CARTESIAN_POINT ( 'NONE',  ( -3.766547180541266915, 2.499999999999973799, -4.638291424302344090 ) ) ;
#1639 = CARTESIAN_POINT ( 'NONE',  ( 5.817072295949926440E-16, 5.000000000000000000, -4.649999999999999467 ) ) ;
#1640 = DIRECTION ( 'NONE',  ( -0.000000000000000000, -1.000000000000000000, -0.000000000000000000 ) ) ;
#1641 = EDGE_LOOP ( 'NONE', ( #783, #816, #727, #1252 ) ) ;
#1642 = DIRECTION ( 'NONE',  ( 0.000000000000000000, 0.000000000000000000, -1.000000000000000000 ) ) ;
#1643 = DIRECTION ( 'NONE',  ( 1.224646799147353454E-16, 0.000000000000000000, -1.000000000000000000 ) ) ;
#1644 = ORIENTED_EDGE ( 'NONE', *, *, #869, .F. ) ;
#1645 =( NAMED_UNIT ( * ) PLANE_ANGLE_UNIT ( ) SI_UNIT ( $, .RADIAN. ) );
#1646 = DIRECTION ( 'NONE',  ( 0.000000000000000000, 0.000000000000000000, 1.000000000000000000 ) ) ;
#1647 = LINE ( 'NONE', #933, #985 ) ;
#1648 = CARTESIAN_POINT ( 'NONE',  ( 0.000000000000000000, 5.000000000000000000, 7.299999999999998934 ) ) ;
#1649 = CARTESIAN_POINT ( 'NONE',  ( 0.000000000000000000, -1.761828530288944705E-16, 4.200000000000000178 ) ) ;
#1650 = CARTESIAN_POINT ( 'NONE',  ( 8.541911424052787825E-16, 2.914213562373094923, 6.974999999999999645 ) ) ;
#1651 = ITEM_DEFINED_TRANSFORMATION ( 'NONE', 'NONE', #332,  #448 ) ;
#1652 = ORIENTED_EDGE ( 'NONE', *, *, #1425, .T. ) ;
#1653 = DIRECTION ( 'NONE',  ( -0.6812748663462006027, 0.2320986990747666012, -0.6942584175742976260 ) ) ;
#1654 = DIRECTION ( 'NONE',  ( 0.000000000000000000, 0.000000000000000000, 1.000000000000000000 ) ) ;
#1655 = AXIS2_PLACEMENT_3D ( 'NONE', #1454, #20, #1757 ) ;
#1656 = COLOUR_RGB ( '',0.7921568627450980005, 0.8196078431372548767, 0.9333333333333333481 ) ;
#1657 = CIRCLE ( 'NONE', #537, 9.000000000000000000 ) ;
#1658 = CIRCLE ( 'NONE', #660, 0.1999999999999996503 ) ;
#1659 = CARTESIAN_POINT ( 'NONE',  ( 0.000000000000000000, 1.100000000000000311, 8.000000000000000000 ) ) ;
#1660 = DIRECTION ( 'NONE',  ( -0.000000000000000000, -1.000000000000000000, -0.000000000000000000 ) ) ;
#1661 = CARTESIAN_POINT ( 'NONE',  ( 0.000000000000000000, 4.800000000000000711, 0.000000000000000000 ) ) ;
#1662 = CONTEXT_DEPENDENT_SHAPE_REPRESENTATION ( #6, #796 ) ;
#1663 = ORIENTED_EDGE ( 'NONE', *, *, #792, .T. ) ;
#1664 = ADVANCED_FACE ( 'NONE', ( #535 ), #976, .F. ) ;
#1665 = DIRECTION ( 'NONE',  ( 1.000000000000000000, 0.000000000000000000, 0.000000000000000000 ) ) ;
#1666 = EDGE_CURVE ( 'NONE', #1617, #893, #1557, .T. ) ;
#1667 = CARTESIAN_POINT ( 'NONE',  ( 0.000000000000000000, 0.000000000000000000, 7.299999999999998934 ) ) ;
#1668 = LINE ( 'NONE', #943, #1721 ) ;
#1669 = DIRECTION ( 'NONE',  ( 0.000000000000000000, 0.000000000000000000, -1.000000000000000000 ) ) ;
#1670 = CARTESIAN_POINT ( 'NONE',  ( 0.000000000000000000, 4.800000000000000711, 4.649999999999999467 ) ) ;
#1671 = APPLICATION_PROTOCOL_DEFINITION ( 'draft international standard', 'automotive_design', 1998, #966 ) ;
#1672 = ORIENTED_EDGE ( 'NONE', *, *, #1145, .T. ) ;
#1673 = DIRECTION ( 'NONE',  ( -0.4638183541754887229, -0.09555821411417209088, -0.8807616942426883533 ) ) ;
#1674 = ADVANCED_FACE ( 'NONE', ( #688 ), #138, .T. ) ;
#1675 = DIRECTION ( 'NONE',  ( 0.000000000000000000, 1.000000000000000000, 0.000000000000000000 ) ) ;
#1676 = CARTESIAN_POINT ( 'NONE',  ( 6.551860375438339695E-16, 5.000000000000000000, 5.349999999999999645 ) ) ;
#1677 = DIRECTION ( 'NONE',  ( -0.000000000000000000, -1.000000000000000000, -0.000000000000000000 ) ) ;
#1678 = CARTESIAN_POINT ( 'NONE',  ( 0.000000000000000000, 1.000000000000000000, 0.000000000000000000 ) ) ;
#1679 = CARTESIAN_POINT ( 'NONE',  ( 0.000000000000000000, 4.000000000000000000, 0.000000000000000000 ) ) ;
#1680 = CONTEXT_DEPENDENT_SHAPE_REPRESENTATION ( #1787, #1183 ) ;
#1681 = ORIENTED_EDGE ( 'NONE', *, *, #466, .T. ) ;
#1682 = CARTESIAN_POINT ( 'NONE',  ( 5.773519974212508288, 2.499999999999973799, 1.538535702338173605 ) ) ;
#1683 = ADVANCED_FACE ( 'NONE', ( #703 ), #825, .T. ) ;
#1684 =( REPRESENTATION_RELATIONSHIP ('NONE','NONE', #583, #395 ) REPRESENTATION_RELATIONSHIP_WITH_TRANSFORMATION ( #1098 )SHAPE_REPRESENTATION_RELATIONSHIP( ) );
#1685 = AXIS2_PLACEMENT_3D ( 'NONE', #1179, #1456, #1642 ) ;
#1686 = VERTEX_POINT ( 'NONE', #1548 ) ;
#1687 = CARTESIAN_POINT ( 'NONE',  ( 0.000000000000000000, 4.800000000000000711, 0.000000000000000000 ) ) ;
#1688 = CIRCLE ( 'NONE', #1468, 5.349999999999999645 ) ;
#1689 = AXIS2_PLACEMENT_3D ( 'NONE', #373, #240, #1103 ) ;
#1690 = EDGE_CURVE ( 'NONE', #32, #80, #1708, .T. ) ;
#1691 =( GEOMETRIC_REPRESENTATION_CONTEXT ( 3 ) GLOBAL_UNCERTAINTY_ASSIGNED_CONTEXT ( ( #472 ) ) GLOBAL_UNIT_ASSIGNED_CONTEXT ( ( #380, #219, #811 ) ) REPRESENTATION_CONTEXT ( 'NONE', 'WORKASPACE' ) );
#1692 = CARTESIAN_POINT ( 'NONE',  ( 5.939536975864661982E-16, 4.000000000000000000, -4.849999999999999645 ) ) ;
#1693 = AXIS2_PLACEMENT_3D ( 'NONE', #196, #913, #1213 ) ;
#1694 = EDGE_CURVE ( 'NONE', #1686, #1018, #556, .T. ) ;
#1695 = AXIS2_PLACEMENT_3D ( 'NONE', #1759, #311, #1634 ) ;
#1696 = CARTESIAN_POINT ( 'NONE',  ( 8.694992273946207746E-16, 0.000000000000000000, -7.099999999999999645 ) ) ;
#1697 = AXIS2_PLACEMENT_3D ( 'NONE', #1552, #1068, #226 ) ;
#1698 = CARTESIAN_POINT ( 'NONE',  ( 0.000000000000000000, 2.085786437626905965, 0.000000000000000000 ) ) ;
#1699 = ITEM_DEFINED_TRANSFORMATION ( 'NONE', 'NONE', #862,  #448 ) ;
#1700 = ORIENTED_EDGE ( 'NONE', *, *, #1553, .F. ) ;
#1701 = CARTESIAN_POINT ( 'NONE',  ( 6.809999311581800760E-16, 1.500000000000000222, 5.560786437626903833 ) ) ;
#1702 = DIRECTION ( 'NONE',  ( -0.000000000000000000, 1.000000000000000000, -0.000000000000000000 ) ) ;
#1703 = DIRECTION ( 'NONE',  ( -0.000000000000000000, 1.000000000000000000, -0.000000000000000000 ) ) ;
#1704 = LINE ( 'NONE', #128, #923 ) ;
#1705 = EDGE_CURVE ( 'NONE', #129, #1414, #1437, .T. ) ;
#1706 = EDGE_CURVE ( 'NONE', #145, #384, #986, .T. ) ;
#1707 = EDGE_LOOP ( 'NONE', ( #1853, #1335, #1214, #1765 ) ) ;
#1708 = LINE ( 'NONE', #970, #388 ) ;
#1709 = DIRECTION ( 'NONE',  ( -0.000000000000000000, -1.000000000000000000, -0.000000000000000000 ) ) ;
#1710 = CARTESIAN_POINT ( 'NONE',  ( 0.000000000000000000, 4.800000000000000711, 0.000000000000000000 ) ) ;
#1711 = DIRECTION ( 'NONE',  ( -0.000000000000000000, -1.000000000000000000, -0.000000000000000000 ) ) ;
#1712 = PRODUCT ( 'F688ZZ_Ball', 'F688ZZ_Ball', '', ( #1545 ) ) ;
#1713 = ADVANCED_FACE ( 'NONE', ( #1726 ), #1573, .T. ) ;
#1714 = ORIENTED_EDGE ( 'NONE', *, *, #1727, .F. ) ;
#1715 = DIRECTION ( 'NONE',  ( -0.000000000000000000, -1.000000000000000000, -0.000000000000000000 ) ) ;
#1716 = DIRECTION ( 'NONE',  ( 0.000000000000000000, 0.000000000000000000, -1.000000000000000000 ) ) ;
#1717 = SURFACE_SIDE_STYLE ('',( #1126 ) ) ;
#1718 = AXIS2_PLACEMENT_3D ( 'NONE', #435, #1007, #291 ) ;
#1719 = DIRECTION ( 'NONE',  ( 0.000000000000000000, 1.000000000000000000, 0.000000000000000000 ) ) ;
#1720 = AXIS2_PLACEMENT_3D ( 'NONE', #1587, #264, #1397 ) ;
#1721 = VECTOR ( 'NONE', #91, 1000.000000000000000 ) ;
#1722 = CIRCLE ( 'NONE', #235, 4.849999999999999645 ) ;
#1723 = AXIS2_PLACEMENT_3D ( 'NONE', #640, #662, #364 ) ;
#1724 = CIRCLE ( 'NONE', #929, 5.349999999999999645 ) ;
#1725 = ORIENTED_EDGE ( 'NONE', *, *, #227, .F. ) ;
#1726 = FACE_OUTER_BOUND ( 'NONE', #316, .T. ) ;
#1727 = EDGE_CURVE ( 'NONE', #754, #1305, #1722, .T. ) ;
#1728 = CARTESIAN_POINT ( 'NONE',  ( 0.000000000000000000, 5.000000000000000000, 4.200000000000000178 ) ) ;
#1729 = DIRECTION ( 'NONE',  ( -0.000000000000000000, -1.000000000000000000, -0.000000000000000000 ) ) ;
#1730 = PRODUCT_DEFINITION_SHAPE ( 'NONE', 'NONE',  #1864 ) ;
#1731 = FACE_OUTER_BOUND ( 'NONE', #975, .T. ) ;
#1732 = CARTESIAN_POINT ( 'NONE',  ( 0.000000000000000000, 1.710786437626907519, 0.000000000000000000 ) ) ;
#1733 = ORIENTED_EDGE ( 'NONE', *, *, #126, .F. ) ;
#1734 = CARTESIAN_POINT ( 'NONE',  ( 0.000000000000000000, 0.000000000000000000, 0.000000000000000000 ) ) ;
#1735 = EDGE_LOOP ( 'NONE', ( #709, #211, #1026, #1329 ) ) ;
#1736 = CARTESIAN_POINT ( 'NONE',  ( 0.000000000000000000, 5.000000000000000000, 0.000000000000000000 ) ) ;
#1737 = LINE ( 'NONE', #699, #1259 ) ;
#1738 = ADVANCED_FACE ( 'NONE', ( #109, #407 ), #676, .F. ) ;
#1739 = DIRECTION ( 'NONE',  ( 0.000000000000000000, 0.000000000000000000, -1.000000000000000000 ) ) ;
#1740 = VERTEX_POINT ( 'NONE', #1836 ) ;
#1741 = CARTESIAN_POINT ( 'NONE',  ( 8.082668874372532006E-16, 1.710786437626907519, 6.600000000000000533 ) ) ;
#1742 = EDGE_LOOP ( 'NONE', ( #321, #399, #1401, #1465 ) ) ;
#1743 = DIRECTION ( 'NONE',  ( 0.000000000000000000, 1.000000000000000000, 0.000000000000000000 ) ) ;
#1744 = DIRECTION ( 'NONE',  ( 0.000000000000000000, 0.000000000000000000, 1.000000000000000000 ) ) ;
#1745 = ADVANCED_FACE ( 'NONE', ( #1117 ), #294, .F. ) ;
#1746 = EDGE_LOOP ( 'NONE', ( #310, #730 ) ) ;
#1747 = FACE_OUTER_BOUND ( 'NONE', #725, .T. ) ;
#1748 = CIRCLE ( 'NONE', #1346, 7.099999999999999645 ) ;
#1749 = EDGE_CURVE ( 'NONE', #257, #21, #898, .T. ) ;
#1750 = STYLED_ITEM ( 'NONE', ( #972 ), #1302 ) ;
#1751 = CLOSED_SHELL ( 'NONE', ( #1632, #1308, #1347, #1489, #575, #495, #800, #192, #1267, #989, #1683, #1233, #968, #1067, #917, #260, #1838, #656, #733, #554, #1156, #1171, #938, #1060, #1574, #983, #578, #1208 ) ) ;
#1752 = AXIS2_PLACEMENT_3D ( 'NONE', #1388, #1135, #1403 ) ;
#1753 = AXIS2_PLACEMENT_3D ( 'NONE', #1435, #1191, #1767 ) ;
#1754 = ORIENTED_EDGE ( 'NONE', *, *, #842, .F. ) ;
#1755 = ORIENTED_EDGE ( 'NONE', *, *, #182, .F. ) ;
#1756 = DIRECTION ( 'NONE',  ( 0.000000000000000000, 0.000000000000000000, -1.000000000000000000 ) ) ;
#1757 = DIRECTION ( 'NONE',  ( 0.000000000000000000, 0.000000000000000000, 1.000000000000000000 ) ) ;
#1758 = ORIENTED_EDGE ( 'NONE', *, *, #1048, .F. ) ;
#1759 = CARTESIAN_POINT ( 'NONE',  ( 0.000000000000000000, 5.000000000000000000, 0.000000000000000000 ) ) ;
#1760 = CARTESIAN_POINT ( 'NONE',  ( 0.000000000000000000, 0.000000000000000000, 0.000000000000000000 ) ) ;
#1761 = VERTEX_POINT ( 'NONE', #847 ) ;
#1762 = ORIENTED_EDGE ( 'NONE', *, *, #60, .T. ) ;
#1763 = LINE ( 'NONE', #1615, #443 ) ;
#1764 = CARTESIAN_POINT ( 'NONE',  ( 0.000000000000000000, 2.914213562373094035, 0.000000000000000000 ) ) ;
#1765 = ORIENTED_EDGE ( 'NONE', *, *, #208, .F. ) ;
#1766 = DIRECTION ( 'NONE',  ( 0.000000000000000000, 0.000000000000000000, 1.000000000000000000 ) ) ;
#1767 = DIRECTION ( 'NONE',  ( 0.000000000000000000, 0.000000000000000000, 1.000000000000000000 ) ) ;
#1768 = EDGE_CURVE ( 'NONE', #163, #1686, #1513, .T. ) ;
#1769 = EDGE_LOOP ( 'NONE', ( #449, #1652, #865, #1528 ) ) ;
#1770 = ORIENTED_EDGE ( 'NONE', *, *, #1605, .F. ) ;
#1771 = CARTESIAN_POINT ( 'NONE',  ( 0.000000000000000000, 4.000000000000000000, -5.889213562373095456 ) ) ;
#1772 = EDGE_CURVE ( 'NONE', #1414, #1313, #2, .T. ) ;
#1773 = DIRECTION ( 'NONE',  ( 0.000000000000000000, 1.000000000000000000, 0.000000000000000000 ) ) ;
#1774 = ORIENTED_EDGE ( 'NONE', *, *, #1393, .F. ) ;
#1775 = DIRECTION ( 'NONE',  ( 0.000000000000000000, 1.000000000000000000, 0.000000000000000000 ) ) ;
#1776 = FACE_OUTER_BOUND ( 'NONE', #1050, .T. ) ;
#1777 = CIRCLE ( 'NONE', #1046, 8.000000000000000000 ) ;
#1778 = CIRCLE ( 'NONE', #134, 4.975000000000000533 ) ;
#1779 = CIRCLE ( 'NONE', #1225, 7.299999999999998934 ) ;
#1780 = ORIENTED_EDGE ( 'NONE', *, *, #613, .F. ) ;
#1781 = AXIS2_PLACEMENT_3D ( 'NONE', #791, #633, #1064 ) ;
#1782 = VECTOR ( 'NONE', #600, 999.9999999999998863 ) ;
#1783 = VECTOR ( 'NONE', #283, 1000.000000000000000 ) ;
#1784 = ORIENTED_EDGE ( 'NONE', *, *, #355, .F. ) ;
#1785 = CIRCLE ( 'NONE', #1201, 8.799999999999998934 ) ;
#1786 = DIRECTION ( 'NONE',  ( 0.000000000000000000, 0.000000000000000000, 1.000000000000000000 ) ) ;
#1787 =( REPRESENTATION_RELATIONSHIP ('NONE','NONE', #583, #395 ) REPRESENTATION_RELATIONSHIP_WITH_TRANSFORMATION ( #514 )SHAPE_REPRESENTATION_RELATIONSHIP( ) );
#1788 = VERTEX_POINT ( 'NONE', #598 ) ;
#1789 = UNCERTAINTY_MEASURE_WITH_UNIT (LENGTH_MEASURE( 1.000000000000000082E-05 ), #56, 'distance_accuracy_value', 'NONE');
#1790 = CARTESIAN_POINT ( 'NONE',  ( 8.694992273946207746E-16, 4.800000000000000711, -7.099999999999999645 ) ) ;
#1791 = CARTESIAN_POINT ( 'NONE',  ( 0.000000000000000000, 5.000000000000000000, 0.000000000000000000 ) ) ;
#1792 = ORIENTED_EDGE ( 'NONE', *, *, #466, .F. ) ;
#1793 = ORIENTED_EDGE ( 'NONE', *, *, #932, .T. ) ;
#1794 = DIRECTION ( 'NONE',  ( 0.000000000000000000, 0.000000000000000000, 1.000000000000000000 ) ) ;
#1795 = EDGE_CURVE ( 'NONE', #1036, #1617, #1724, .T. ) ;
#1796 = ORIENTED_EDGE ( 'NONE', *, *, #490, .T. ) ;
#1797 = CARTESIAN_POINT ( 'NONE',  ( 0.000000000000000000, 0.9000000000000005773, 0.000000000000000000 ) ) ;
#1798 = EDGE_CURVE ( 'NONE', #38, #1686, #1595, .T. ) ;
#1799 = DIRECTION ( 'NONE',  ( 0.000000000000000000, 0.000000000000000000, 1.000000000000000000 ) ) ;
#1800 = VERTEX_POINT ( 'NONE', #1741 ) ;
#1801 = VECTOR ( 'NONE', #1530, 1000.000000000000000 ) ;
#1802 = DIRECTION ( 'NONE',  ( 0.000000000000000000, 0.000000000000000000, 1.000000000000000000 ) ) ;
#1803 = SURFACE_STYLE_FILL_AREA ( #70 ) ;
#1804 = DIRECTION ( 'NONE',  ( -1.000000000000000000, 0.000000000000000000, 0.000000000000000000 ) ) ;
#1805 = ADVANCED_FACE ( 'NONE', ( #1584, #1000 ), #1011, .F. ) ;
#1806 =( LENGTH_UNIT ( ) NAMED_UNIT ( * ) SI_UNIT ( .MILLI., .METRE. ) );
#1807 = ADVANCED_FACE ( 'NONE', ( #299 ), #431, .F. ) ;
#1808 = APPLICATION_PROTOCOL_DEFINITION ( 'draft international standard', 'automotive_design', 1998, #1035 ) ;
#1809 = VERTEX_POINT ( 'NONE', #855 ) ;
#1810 = DIRECTION ( 'NONE',  ( -0.1764381943250605822, 0.000000000000000000, 0.9843117207385637668 ) ) ;
#1811 = COLOUR_RGB ( '',0.7921568627450980005, 0.8196078431372548767, 0.9333333333333333481 ) ;
#1812 = CARTESIAN_POINT ( 'NONE',  ( 0.000000000000000000, 4.000000000000000000, 0.000000000000000000 ) ) ;
#1813 = VECTOR ( 'NONE', #1833, 1000.000000000000000 ) ;
#1814 = DIRECTION ( 'NONE',  ( 0.000000000000000000, 1.000000000000000000, 0.000000000000000000 ) ) ;
#1815 = CIRCLE ( 'NONE', #1693, 4.000000000000000000 ) ;
#1816 = VECTOR ( 'NONE', #469, 999.9999999999998863 ) ;
#1817 = FACE_OUTER_BOUND ( 'NONE', #1556, .T. ) ;
#1818 = AXIS2_PLACEMENT_3D ( 'NONE', #1387, #1100, #529 ) ;
#1819 = ADVANCED_FACE ( 'NONE', ( #871 ), #1235, .T. ) ;
#1820 = EDGE_LOOP ( 'NONE', ( #579, #1681, #1860, #930 ) ) ;
#1821 = DIRECTION ( 'NONE',  ( 0.9843117207385637668, 0.000000000000000000, 0.1764381943250605822 ) ) ;
#1822 = EDGE_LOOP ( 'NONE', ( #565, #331 ) ) ;
#1823 = FACE_OUTER_BOUND ( 'NONE', #186, .T. ) ;
#1824 = SURFACE_SIDE_STYLE ('',( #1803 ) ) ;
#1825 = CARTESIAN_POINT ( 'NONE',  ( 5.143516556418882928E-16, 5.000000000000000000, -4.200000000000000178 ) ) ;
#1826 = DIRECTION ( 'NONE',  ( 0.000000000000000000, 1.000000000000000000, 0.000000000000000000 ) ) ;
#1827 = ITEM_DEFINED_TRANSFORMATION ( 'NONE', 'NONE', #594,  #448 ) ;
#1828 = VERTEX_POINT ( 'NONE', #1450 ) ;
#1829 = EDGE_CURVE ( 'NONE', #1617, #1036, #1137, .T. ) ;
#1830 = DIRECTION ( 'NONE',  ( -0.000000000000000000, -1.000000000000000000, -0.000000000000000000 ) ) ;
#1831 = DIRECTION ( 'NONE',  ( 0.000000000000000000, 0.000000000000000000, -1.000000000000000000 ) ) ;
#1832 = SHAPE_REPRESENTATION ( 'F688ZZ_shaft', ( #448 ), #209 ) ;
#1833 = DIRECTION ( 'NONE',  ( -0.000000000000000000, -1.000000000000000000, -0.000000000000000000 ) ) ;
#1834 = CARTESIAN_POINT ( 'NONE',  ( 0.000000000000000000, 5.000000000000000000, -5.349999999999999645 ) ) ;
#1835 = ORIENTED_EDGE ( 'NONE', *, *, #404, .T. ) ;
#1836 = CARTESIAN_POINT ( 'NONE',  ( 0.000000000000000000, 1.000000000000000000, -5.349999999999999645 ) ) ;
#1837 = CONICAL_SURFACE ( 'NONE', #413, 6.974999999999998757, 0.7853981633974482790 ) ;
#1838 = ADVANCED_FACE ( 'NONE', ( #1031 ), #753, .F. ) ;
#1839 = CARTESIAN_POINT ( 'NONE',  ( 8.541911424052786839E-16, 0.000000000000000000, 6.974999999999998757 ) ) ;
#1840 = CIRCLE ( 'NONE', #1316, 7.099999999999999645 ) ;
#1841 = CARTESIAN_POINT ( 'NONE',  ( 0.000000000000000000, 1.500000000000000222, 0.000000000000000000 ) ) ;
#1842 = PRODUCT_DEFINITION ( 'UNKNOWN', '', #241, #1481 ) ;
#1843 = TOROIDAL_SURFACE ( 'NONE', #1013, 4.200000000000000178, 0.2000000000000000111 ) ;
#1844 = AXIS2_PLACEMENT_3D ( 'NONE', #1165, #451, #433 ) ;
#1845 = AXIS2_PLACEMENT_3D ( 'NONE', #458, #162, #1336 ) ;
#1846 = DIRECTION ( 'NONE',  ( 0.000000000000000000, 0.000000000000000000, 1.000000000000000000 ) ) ;
#1847 = CIRCLE ( 'NONE', #863, 4.849999999999999645 ) ;
#1848 = VERTEX_POINT ( 'NONE', #1182 ) ;
#1849 = DIRECTION ( 'NONE',  ( -0.000000000000000000, -1.000000000000000000, -0.000000000000000000 ) ) ;
#1850 = LINE ( 'NONE', #1839, #531 ) ;
#1851 = DIRECTION ( 'NONE',  ( 0.000000000000000000, 1.000000000000000000, 0.000000000000000000 ) ) ;
#1852 = CARTESIAN_POINT ( 'NONE',  ( 0.000000000000000000, 2.914213562373094923, -6.974999999999999645 ) ) ;
#1853 = ORIENTED_EDGE ( 'NONE', *, *, #8, .F. ) ;
#1854 = CARTESIAN_POINT ( 'NONE',  ( 0.000000000000000000, 5.000000000000000000, 0.000000000000000000 ) ) ;
#1855 = DIRECTION ( 'NONE',  ( 0.000000000000000000, 1.000000000000000000, 0.000000000000000000 ) ) ;
#1856 = DIRECTION ( 'NONE',  ( 0.000000000000000000, 0.000000000000000000, 1.000000000000000000 ) ) ;
#1857 = CYLINDRICAL_SURFACE ( 'NONE', #587, 6.974999999999998757 ) ;
#1858 =( NAMED_UNIT ( * ) PLANE_ANGLE_UNIT ( ) SI_UNIT ( $, .RADIAN. ) );
#1859 = ADVANCED_FACE ( 'NONE', ( #176 ), #764, .T. ) ;
#1860 = ORIENTED_EDGE ( 'NONE', *, *, #1121, .T. ) ;
#1861 = AXIS2_PLACEMENT_3D ( 'NONE', #1345, #216, #1494 ) ;
#1862 = NEXT_ASSEMBLY_USAGE_OCCURRENCE ( 'NAUO1', ' ', ' ', #694, #1296, $ ) ;
#1863 = NEXT_ASSEMBLY_USAGE_OCCURRENCE ( 'NAUO2', ' ', ' ', #694, #823, $ ) ;
#1864 = NEXT_ASSEMBLY_USAGE_OCCURRENCE ( 'NAUO3', ' ', ' ', #694, #1842, $ ) ;
#1865 = NEXT_ASSEMBLY_USAGE_OCCURRENCE ( 'NAUO4', ' ', ' ', #694, #1842, $ ) ;
#1866 = NEXT_ASSEMBLY_USAGE_OCCURRENCE ( 'NAUO5', ' ', ' ', #694, #1842, $ ) ;
#1867 = NEXT_ASSEMBLY_USAGE_OCCURRENCE ( 'NAUO6', ' ', ' ', #694, #1842, $ ) ;
#1868 = NEXT_ASSEMBLY_USAGE_OCCURRENCE ( 'NAUO7', ' ', ' ', #694, #1842, $ ) ;
#1869 = NEXT_ASSEMBLY_USAGE_OCCURRENCE ( 'NAUO8', ' ', ' ', #694, #1842, $ ) ;
#1870 = NEXT_ASSEMBLY_USAGE_OCCURRENCE ( 'NAUO9', ' ', ' ', #694, #1842, $ ) ;
#1871 = NEXT_ASSEMBLY_USAGE_OCCURRENCE ( 'NAUO10', ' ', ' ', #694, #1842, $ ) ;
#1872 = NEXT_ASSEMBLY_USAGE_OCCURRENCE ( 'NAUO11', ' ', ' ', #694, #1842, $ ) ;
#1873 = NEXT_ASSEMBLY_USAGE_OCCURRENCE ( 'NAUO12', ' ', ' ', #694, #1842, $ ) ;
ENDSEC;
END-ISO-10303-21;
